,ppo_local_initial_local_crossings,ppo_local_improvement,ppo_local,ppo_local_solved,ppo_local_runtime,ppo_local_steps
grafo11046.97.gml,20.0,6.0,14.0,False,3.34,599.0
grafo8244.72.gml,15.0,8.0,7.0,False,2.43,599.0
grafo3993.52.gml,19.0,8.0,11.0,False,2.65,599.0
grafo7768.42.gml,4.0,2.0,2.0,False,1.04,599.0
grafo8288.82.gml,15.0,8.0,7.0,False,1.53,599.0
grafo9750.77.gml,11.0,3.0,8.0,False,1.6,599.0
grafo5241.42.gml,7.0,4.0,3.0,False,1.04,599.0
grafo3184.91.gml,21.0,11.0,10.0,False,1.89,599.0
grafo11588.36.gml,5.0,1.0,4.0,False,1.04,599.0
grafo3343.58.gml,5.0,3.0,2.0,False,1.06,599.0
grafo5436.42.gml,7.0,2.0,5.0,False,1.22,599.0
grafo574.12.gml,3.0,2.0,1.0,True,0.31,229.0
grafo4243.78.gml,14.0,5.0,9.0,False,1.66,599.0
grafo9001.66.gml,24.0,8.0,16.0,False,1.81,599.0
grafo8099.75.gml,22.0,11.0,11.0,False,1.64,599.0
grafo11198.98.gml,18.0,4.0,14.0,False,2.27,599.0
grafo1683.11.gml,6.0,5.0,1.0,True,0.47,307.0
grafo1274.57.gml,3.0,2.0,1.0,True,0.47,268.0
grafo8528.84.gml,18.0,7.0,11.0,False,1.66,599.0
grafo9065.70.gml,7.0,3.0,4.0,False,1.35,599.0
grafo3876.94.gml,13.0,4.0,9.0,False,1.85,599.0
grafo3566.36.gml,5.0,3.0,2.0,False,0.91,599.0
grafo10828.97.gml,19.0,4.0,15.0,False,2.29,599.0
grafo11192.92.gml,9.0,4.0,5.0,False,1.36,599.0
grafo7634.56.gml,15.0,5.0,10.0,False,1.67,599.0
grafo4234.78.gml,17.0,5.0,12.0,False,1.82,599.0
grafo6239.56.gml,9.0,3.0,6.0,False,1.33,599.0
grafo10317.91.gml,13.0,1.0,12.0,False,1.95,599.0
grafo9978.41.gml,7.0,5.0,2.0,False,1.04,599.0
grafo8116.60.gml,19.0,12.0,7.0,False,1.42,599.0
grafo3704.52.gml,9.0,4.0,5.0,False,1.28,599.0
grafo10370.98.gml,18.0,7.0,11.0,False,1.99,599.0
grafo6851.49.gml,7.0,3.0,4.0,False,1.17,599.0
grafo9821.77.gml,10.0,5.0,5.0,False,1.35,599.0
grafo10891.95.gml,15.0,6.0,9.0,False,1.64,599.0
grafo6684.56.gml,5.0,3.0,2.0,False,1.21,599.0
grafo11248.99.gml,20.0,10.0,10.0,False,1.99,599.0
grafo7161.37.gml,3.0,2.0,1.0,True,0.3,221.0
grafo6970.44.gml,3.0,1.0,2.0,False,1.0,599.0
grafo7940.83.gml,19.0,3.0,16.0,False,2.07,599.0
grafo7529.93.gml,22.0,9.0,13.0,False,2.04,599.0
grafo7843.81.gml,9.0,0.0,9.0,False,1.61,599.0
grafo7132.87.gml,17.0,4.0,13.0,False,1.66,599.0
grafo3122.56.gml,15.0,5.0,10.0,False,1.59,599.0
grafo6616.45.gml,7.0,3.0,4.0,False,1.2,599.0
grafo9293.74.gml,9.0,3.0,6.0,False,1.49,599.0
grafo6760.54.gml,8.0,4.0,4.0,False,1.15,599.0
grafo2166.20.gml,4.0,3.0,1.0,True,0.37,261.0
grafo4129.78.gml,19.0,8.0,11.0,False,1.87,599.0
grafo8225.88.gml,21.0,9.0,12.0,False,1.79,599.0
grafo6488.49.gml,10.0,4.0,6.0,False,1.19,599.0
grafo9690.63.gml,19.0,9.0,10.0,False,1.56,599.0
grafo8200.76.gml,17.0,7.0,10.0,False,1.61,599.0
grafo8734.89.gml,10.0,5.0,5.0,False,1.37,599.0
grafo3476.42.gml,8.0,4.0,4.0,False,1.23,599.0
grafo5389.58.gml,22.0,8.0,14.0,False,1.69,599.0
grafo7755.40.gml,11.0,4.0,7.0,False,1.27,599.0
grafo6480.38.gml,9.0,5.0,4.0,False,1.03,599.0
grafo10464.96.gml,15.0,8.0,7.0,False,1.66,599.0
grafo8473.93.gml,11.0,3.0,8.0,False,1.67,599.0
grafo8031.68.gml,10.0,3.0,7.0,False,1.48,599.0
grafo7204.41.gml,6.0,2.0,4.0,False,1.09,599.0
grafo8629.84.gml,19.0,4.0,15.0,False,1.92,599.0
grafo10089.37.gml,6.0,3.0,3.0,False,1.04,599.0
grafo3365.43.gml,15.0,2.0,13.0,False,1.6,599.0
grafo9514.68.gml,12.0,4.0,8.0,False,1.4,599.0
grafo6962.40.gml,10.0,4.0,6.0,False,1.19,599.0
grafo10214.94.gml,16.0,1.0,15.0,False,1.97,599.0
grafo3567.52.gml,13.0,8.0,5.0,False,1.26,599.0
grafo733.43.gml,5.0,2.0,3.0,False,0.96,599.0
grafo3573.43.gml,7.0,2.0,5.0,False,1.17,599.0
grafo6191.41.gml,10.0,7.0,3.0,False,0.99,599.0
grafo4185.54.gml,7.0,4.0,3.0,False,1.22,599.0
grafo6161.47.gml,28.0,18.0,10.0,False,1.42,599.0
grafo4374.52.gml,18.0,10.0,8.0,False,1.36,599.0
grafo2787.24.gml,5.0,3.0,2.0,False,0.99,599.0
grafo9169.67.gml,23.0,7.0,16.0,False,1.96,599.0
grafo5255.47.gml,12.0,5.0,7.0,False,1.27,599.0
grafo4403.57.gml,14.0,8.0,6.0,False,1.37,599.0
grafo9945.91.gml,13.0,1.0,12.0,False,1.87,599.0
grafo3638.57.gml,9.0,5.0,4.0,False,1.34,599.0
grafo5012.53.gml,9.0,2.0,7.0,False,1.3,599.0
grafo3114.40.gml,8.0,5.0,3.0,False,1.15,599.0
grafo7248.41.gml,5.0,3.0,2.0,False,1.05,599.0
grafo4736.52.gml,11.0,7.0,4.0,False,1.14,599.0
grafo9770.79.gml,12.0,4.0,8.0,False,1.61,599.0
grafo3608.42.gml,4.0,3.0,1.0,True,0.7,431.0
grafo6310.42.gml,13.0,5.0,8.0,False,1.36,599.0
grafo4065.39.gml,6.0,4.0,2.0,False,0.87,599.0
grafo4882.53.gml,9.0,4.0,5.0,False,1.39,599.0
grafo10681.93.gml,19.0,6.0,13.0,False,1.99,599.0
grafo11495.39.gml,5.0,2.0,3.0,False,1.0,599.0
grafo5909.47.gml,14.0,11.0,3.0,False,1.09,599.0
grafo7130.90.gml,20.0,4.0,16.0,False,2.16,599.0
grafo3491.43.gml,11.0,6.0,5.0,False,1.19,599.0
grafo9983.91.gml,19.0,6.0,13.0,False,2.05,599.0
grafo8247.81.gml,27.0,14.0,13.0,False,2.02,599.0
grafo9503.77.gml,19.0,5.0,14.0,False,1.91,599.0
grafo7039.45.gml,7.0,4.0,3.0,False,1.16,599.0
grafo3170.52.gml,11.0,4.0,7.0,False,1.41,599.0
grafo5034.78.gml,9.0,5.0,4.0,False,1.29,599.0
grafo3157.55.gml,7.0,3.0,4.0,False,1.21,599.0
grafo8776.96.gml,17.0,6.0,11.0,False,1.62,599.0
grafo5048.61.gml,6.0,3.0,3.0,False,1.15,599.0
grafo2631.34.gml,4.0,3.0,1.0,True,0.37,254.0
grafo11309.36.gml,6.0,3.0,3.0,False,0.99,599.0
grafo6274.48.gml,14.0,4.0,10.0,False,1.5,599.0
grafo5395.33.gml,10.0,5.0,5.0,False,1.12,599.0
grafo2915.27.gml,8.0,5.0,3.0,False,0.95,599.0
grafo7180.40.gml,2.0,0.0,2.0,False,0.99,599.0
grafo6603.49.gml,11.0,2.0,9.0,False,1.7,599.0
grafo9350.63.gml,6.0,1.0,5.0,False,1.31,599.0
grafo6512.46.gml,4.0,2.0,2.0,False,0.94,599.0
grafo10724.92.gml,11.0,3.0,8.0,False,1.99,599.0
grafo1262.53.gml,15.0,9.0,6.0,False,1.31,599.0
grafo11666.37.gml,10.0,6.0,4.0,False,1.16,599.0
grafo137.21.gml,13.0,9.0,4.0,False,1.12,599.0
grafo8148.85.gml,15.0,2.0,13.0,False,1.92,599.0
grafo7169.44.gml,8.0,5.0,3.0,False,1.01,599.0
grafo8936.94.gml,19.0,12.0,7.0,False,1.91,599.0
grafo4633.65.gml,7.0,3.0,4.0,False,1.28,599.0
grafo9151.63.gml,13.0,6.0,7.0,False,1.4,599.0
grafo2996.37.gml,7.0,5.0,2.0,False,0.96,599.0
grafo11338.92.gml,17.0,8.0,9.0,False,1.99,599.0
grafo4791.78.gml,13.0,6.0,7.0,False,1.41,599.0
grafo4317.77.gml,16.0,7.0,9.0,False,1.52,599.0
grafo4181.61.gml,17.0,11.0,6.0,False,1.36,599.0
grafo3549.40.gml,14.0,9.0,5.0,False,1.2,599.0
grafo10524.97.gml,10.0,4.0,6.0,False,1.52,599.0
grafo8937.90.gml,14.0,7.0,7.0,False,1.84,599.0
grafo3852.52.gml,14.0,8.0,6.0,False,1.19,599.0
grafo10433.97.gml,13.0,2.0,11.0,False,1.85,599.0
grafo9052.66.gml,8.0,2.0,6.0,False,1.26,599.0
grafo3611.53.gml,7.0,4.0,3.0,False,1.1,599.0
grafo7281.46.gml,4.0,2.0,2.0,False,0.93,599.0
grafo9601.64.gml,19.0,6.0,13.0,False,1.66,599.0
grafo4900.59.gml,11.0,4.0,7.0,False,1.5,599.0
grafo8795.86.gml,15.0,6.0,9.0,False,1.6,599.0
grafo7372.41.gml,6.0,2.0,4.0,False,1.18,599.0
grafo6733.57.gml,6.0,4.0,2.0,False,1.02,599.0
grafo7881.61.gml,7.0,2.0,5.0,False,1.22,599.0
grafo9639.72.gml,3.0,1.0,2.0,False,1.0,599.0
grafo4818.65.gml,9.0,4.0,5.0,False,1.29,599.0
grafo10830.92.gml,18.0,9.0,9.0,False,1.96,599.0
grafo7770.57.gml,6.0,3.0,3.0,False,1.11,599.0
grafo8791.94.gml,26.0,9.0,17.0,False,2.15,599.0
grafo3489.63.gml,15.0,5.0,10.0,False,1.47,599.0
grafo7191.41.gml,6.0,3.0,3.0,False,1.03,599.0
grafo6711.81.gml,12.0,5.0,7.0,False,1.36,599.0
grafo2718.20.gml,8.0,6.0,2.0,False,0.86,599.0
grafo10633.100.gml,25.0,7.0,18.0,False,2.19,599.0
grafo6584.61.gml,14.0,7.0,7.0,False,1.45,599.0
grafo10343.94.gml,16.0,7.0,9.0,False,1.69,599.0
grafo5853.57.gml,18.0,7.0,11.0,False,1.52,599.0
grafo5305.63.gml,19.0,9.0,10.0,False,1.52,599.0
grafo7875.62.gml,21.0,7.0,14.0,False,1.86,599.0
grafo7510.70.gml,22.0,8.0,14.0,False,1.79,599.0
grafo9120.64.gml,14.0,5.0,9.0,False,1.55,599.0
grafo3779.52.gml,10.0,5.0,5.0,False,1.2,599.0
grafo4362.83.gml,20.0,8.0,12.0,False,1.79,599.0
grafo5766.46.gml,13.0,4.0,9.0,False,1.62,599.0
grafo7102.49.gml,7.0,3.0,4.0,False,1.18,599.0
grafo3896.38.gml,7.0,4.0,3.0,False,1.05,599.0
grafo10737.99.gml,26.0,7.0,19.0,False,2.34,599.0
grafo9704.80.gml,17.0,6.0,11.0,False,1.71,599.0
grafo4509.64.gml,9.0,4.0,5.0,False,1.37,599.0
grafo7269.40.gml,7.0,5.0,2.0,False,0.93,599.0
grafo6636.56.gml,9.0,4.0,5.0,False,1.28,599.0
grafo3992.44.gml,8.0,3.0,5.0,False,1.17,599.0
grafo9721.79.gml,22.0,4.0,18.0,False,2.07,599.0
grafo8058.80.gml,15.0,6.0,9.0,False,1.66,599.0
grafo5116.74.gml,12.0,1.0,11.0,False,1.71,599.0
grafo10688.95.gml,30.0,9.0,21.0,False,2.23,599.0
grafo11444.36.gml,7.0,5.0,2.0,False,0.93,599.0
grafo9232.69.gml,13.0,6.0,7.0,False,1.53,599.0
grafo4615.59.gml,9.0,4.0,5.0,False,1.18,599.0
grafo11322.38.gml,3.0,1.0,2.0,False,1.0,599.0
grafo7543.43.gml,4.0,2.0,2.0,False,0.93,599.0
grafo10154.94.gml,21.0,6.0,15.0,False,2.18,599.0
grafo5013.82.gml,12.0,4.0,8.0,False,1.54,599.0
grafo5694.45.gml,7.0,3.0,4.0,False,1.24,599.0
grafo10912.92.gml,29.0,8.0,21.0,False,2.21,599.0
grafo4870.75.gml,7.0,3.0,4.0,False,1.46,599.0
grafo10918.98.gml,20.0,3.0,17.0,False,2.33,599.0
grafo3927.45.gml,6.0,5.0,1.0,True,0.86,570.0
grafo6335.39.gml,8.0,2.0,6.0,False,1.13,599.0
grafo5440.44.gml,17.0,10.0,7.0,False,1.28,599.0
grafo8777.98.gml,32.0,13.0,19.0,False,2.42,599.0
grafo10352.95.gml,9.0,2.0,7.0,False,1.76,599.0
grafo5374.35.gml,5.0,4.0,1.0,True,0.31,221.0
grafo11417.37.gml,7.0,4.0,3.0,False,1.06,599.0
grafo6904.49.gml,10.0,6.0,4.0,False,1.14,599.0
grafo8385.73.gml,12.0,6.0,6.0,False,1.4,599.0
grafo8147.69.gml,9.0,3.0,6.0,False,1.23,599.0
grafo7010.49.gml,14.0,7.0,7.0,False,1.38,599.0
grafo4414.66.gml,13.0,4.0,9.0,False,1.47,599.0
grafo4373.60.gml,11.0,3.0,8.0,False,1.44,599.0
grafo8304.85.gml,23.0,6.0,17.0,False,2.2,599.0
grafo7384.45.gml,5.0,3.0,2.0,False,0.97,599.0
grafo9658.67.gml,4.0,2.0,2.0,False,1.05,599.0
grafo7751.44.gml,6.0,4.0,2.0,False,1.0,599.0
grafo3794.41.gml,11.0,8.0,3.0,False,1.01,599.0
grafo10412.94.gml,17.0,6.0,11.0,False,1.83,599.0
grafo4622.48.gml,4.0,2.0,2.0,False,0.98,599.0
grafo8005.84.gml,15.0,6.0,9.0,False,1.68,599.0
grafo2687.33.gml,6.0,3.0,3.0,False,1.12,599.0
grafo9103.80.gml,16.0,7.0,9.0,False,1.67,599.0
grafo6160.49.gml,4.0,2.0,2.0,False,0.94,599.0
grafo2843.43.gml,3.0,2.0,1.0,True,0.6,396.0
grafo8778.90.gml,22.0,10.0,12.0,False,2.06,599.0
grafo1481.61.gml,5.0,2.0,3.0,False,1.13,599.0
grafo3827.42.gml,11.0,6.0,5.0,False,1.15,599.0
grafo9191.69.gml,13.0,5.0,8.0,False,1.45,599.0
grafo4338.71.gml,16.0,6.0,10.0,False,1.59,599.0
grafo5876.40.gml,5.0,2.0,3.0,False,1.0,599.0
grafo7902.68.gml,14.0,4.0,10.0,False,1.64,599.0
grafo8708.96.gml,13.0,4.0,9.0,False,1.69,599.0
grafo3933.43.gml,4.0,1.0,3.0,False,1.1,599.0
grafo4062.56.gml,18.0,5.0,13.0,False,1.78,599.0
grafo5265.40.gml,10.0,6.0,4.0,False,1.11,599.0
grafo5824.77.gml,6.0,2.0,4.0,False,1.38,599.0
grafo4924.62.gml,9.0,3.0,6.0,False,1.4,599.0
grafo11373.38.gml,7.0,3.0,4.0,False,1.08,599.0
grafo5323.44.gml,6.0,4.0,2.0,False,0.95,599.0
grafo9333.80.gml,20.0,5.0,15.0,False,1.87,599.0
grafo6242.93.gml,31.0,12.0,19.0,False,2.22,599.0
grafo6305.62.gml,13.0,8.0,5.0,False,1.37,599.0
grafo3598.55.gml,11.0,4.0,7.0,False,1.31,599.0
grafo7576.38.gml,5.0,3.0,2.0,False,0.97,599.0
grafo3444.41.gml,7.0,2.0,5.0,False,1.15,599.0
grafo8705.82.gml,16.0,8.0,8.0,False,1.58,599.0
grafo9339.83.gml,13.0,4.0,9.0,False,1.62,599.0
grafo3288.37.gml,5.0,2.0,3.0,False,1.06,599.0
grafo5497.77.gml,9.0,4.0,5.0,False,1.37,599.0
grafo8108.85.gml,15.0,7.0,8.0,False,1.7,599.0
grafo4005.39.gml,6.0,3.0,3.0,False,1.02,599.0
grafo4658.76.gml,18.0,3.0,15.0,False,1.98,599.0
grafo8127.78.gml,44.0,15.0,29.0,False,2.65,599.0
grafo7981.85.gml,17.0,7.0,10.0,False,1.78,599.0
grafo8862.89.gml,8.0,2.0,6.0,False,1.42,599.0
grafo10644.100.gml,25.0,8.0,17.0,False,2.24,599.0
grafo11246.93.gml,11.0,2.0,9.0,False,1.51,599.0
grafo7766.40.gml,8.0,5.0,3.0,False,1.03,599.0
grafo5502.37.gml,5.0,3.0,2.0,False,1.03,599.0
grafo6419.45.gml,7.0,3.0,4.0,False,1.08,599.0
grafo1500.50.gml,14.0,7.0,7.0,False,1.41,599.0
grafo4394.55.gml,11.0,4.0,7.0,False,1.35,599.0
grafo11327.39.gml,14.0,9.0,5.0,False,1.19,599.0
grafo5954.49.gml,7.0,3.0,4.0,False,1.13,599.0
grafo5011.62.gml,11.0,4.0,7.0,False,1.34,599.0
grafo2985.43.gml,6.0,2.0,4.0,False,1.01,599.0
grafo5142.36.gml,5.0,3.0,2.0,False,0.99,599.0
grafo5249.56.gml,15.0,7.0,8.0,False,1.67,599.0
grafo8501.94.gml,8.0,3.0,5.0,False,1.4,599.0
grafo4662.50.gml,8.0,6.0,2.0,False,1.07,599.0
grafo3351.38.gml,5.0,3.0,2.0,False,0.89,599.0
grafo7386.46.gml,10.0,3.0,7.0,False,1.33,599.0
grafo5507.46.gml,8.0,4.0,4.0,False,1.08,599.0
grafo3532.99.gml,36.0,13.0,23.0,False,2.72,599.0
grafo7489.39.gml,8.0,3.0,5.0,False,1.09,599.0
grafo5403.58.gml,18.0,12.0,6.0,False,1.41,599.0
grafo11439.92.gml,37.0,4.0,33.0,False,2.38,599.0
grafo8479.74.gml,8.0,4.0,4.0,False,1.13,599.0
grafo6864.55.gml,8.0,1.0,7.0,False,1.28,599.0
grafo11064.94.gml,21.0,9.0,12.0,False,1.84,599.0
grafo5051.80.gml,21.0,7.0,14.0,False,1.96,599.0
grafo11032.36.gml,6.0,4.0,2.0,False,0.95,599.0
grafo9204.71.gml,13.0,2.0,11.0,False,1.77,599.0
grafo10857.95.gml,25.0,10.0,15.0,False,1.96,599.0
grafo4598.61.gml,9.0,3.0,6.0,False,1.33,599.0
grafo5965.37.gml,7.0,2.0,5.0,False,1.12,599.0
grafo10140.40.gml,10.0,7.0,3.0,False,1.0,599.0
grafo5951.34.gml,5.0,3.0,2.0,False,0.95,599.0
grafo3720.35.gml,6.0,3.0,3.0,False,1.0,599.0
grafo11500.36.gml,4.0,2.0,2.0,False,0.91,599.0
grafo7424.45.gml,13.0,9.0,4.0,False,1.09,599.0
grafo2853.23.gml,5.0,1.0,4.0,False,1.0,599.0
grafo8203.81.gml,15.0,3.0,12.0,False,1.82,599.0
grafo6505.80.gml,22.0,11.0,11.0,False,1.68,599.0
grafo6701.47.gml,24.0,14.0,10.0,False,1.63,599.0
grafo10278.40.gml,9.0,6.0,3.0,False,1.06,599.0
grafo9157.68.gml,13.0,4.0,9.0,False,1.57,599.0
grafo5268.43.gml,4.0,2.0,2.0,False,0.94,599.0
grafo7320.38.gml,13.0,7.0,6.0,False,1.26,599.0
grafo9483.83.gml,22.0,10.0,12.0,False,1.72,599.0
grafo3494.39.gml,11.0,5.0,6.0,False,1.2,599.0
grafo11189.94.gml,25.0,7.0,18.0,False,2.38,599.0
grafo5933.75.gml,18.0,7.0,11.0,False,1.61,599.0
grafo3286.59.gml,15.0,4.0,11.0,False,1.52,599.0
grafo9450.84.gml,25.0,7.0,18.0,False,2.29,599.0
grafo10486.97.gml,15.0,4.0,11.0,False,1.84,599.0
grafo7879.80.gml,16.0,2.0,14.0,False,1.96,599.0
grafo4885.71.gml,12.0,4.0,8.0,False,1.67,599.0
grafo6655.38.gml,11.0,5.0,6.0,False,1.2,599.0
grafo5404.44.gml,11.0,4.0,7.0,False,1.3,599.0
grafo7850.66.gml,10.0,4.0,6.0,False,1.24,599.0
grafo6630.56.gml,8.0,4.0,4.0,False,1.23,599.0
grafo4208.67.gml,9.0,1.0,8.0,False,1.39,599.0
grafo5613.35.gml,6.0,2.0,4.0,False,1.09,599.0
grafo1469.67.gml,10.0,6.0,4.0,False,1.22,599.0
grafo10507.93.gml,18.0,4.0,14.0,False,1.97,599.0
grafo4644.84.gml,25.0,9.0,16.0,False,2.18,599.0
grafo5055.56.gml,9.0,2.0,7.0,False,1.36,599.0
grafo5867.42.gml,7.0,5.0,2.0,False,1.0,599.0
grafo6956.39.gml,9.0,4.0,5.0,False,1.24,599.0
grafo10008.42.gml,10.0,3.0,7.0,False,1.25,599.0
grafo8420.81.gml,19.0,8.0,11.0,False,1.65,599.0
grafo5572.82.gml,18.0,6.0,12.0,False,1.92,599.0
grafo4566.62.gml,16.0,6.0,10.0,False,1.48,599.0
grafo8944.97.gml,17.0,5.0,12.0,False,2.01,599.0
grafo11052.97.gml,26.0,8.0,18.0,False,2.34,599.0
grafo3841.57.gml,12.0,4.0,8.0,False,1.42,599.0
grafo3140.55.gml,4.0,2.0,2.0,False,1.05,599.0
grafo3756.90.gml,20.0,6.0,14.0,False,2.05,599.0
grafo10811.96.gml,28.0,5.0,23.0,False,2.39,599.0
grafo4994.65.gml,22.0,11.0,11.0,False,1.87,599.0
grafo1035.37.gml,6.0,3.0,3.0,False,1.1,599.0
grafo9997.40.gml,4.0,1.0,3.0,False,0.98,599.0
grafo9731.81.gml,10.0,4.0,6.0,False,1.58,599.0
grafo8320.83.gml,19.0,6.0,13.0,False,1.73,599.0
grafo4535.52.gml,7.0,4.0,3.0,False,1.09,599.0
grafo6999.94.gml,13.0,3.0,10.0,False,1.71,599.0
grafo3496.54.gml,16.0,8.0,8.0,False,1.62,599.0
grafo5375.71.gml,17.0,9.0,8.0,False,1.54,599.0
grafo7278.42.gml,8.0,3.0,5.0,False,1.23,599.0
grafo9362.98.gml,26.0,3.0,23.0,False,2.44,599.0
grafo3908.41.gml,7.0,3.0,4.0,False,1.09,599.0
grafo11537.91.gml,22.0,7.0,15.0,False,2.18,599.0
grafo10953.93.gml,16.0,6.0,10.0,False,1.87,599.0
grafo7066.53.gml,12.0,5.0,7.0,False,1.39,599.0
grafo3821.55.gml,19.0,6.0,13.0,False,1.75,599.0
grafo3942.40.gml,5.0,3.0,2.0,False,0.97,599.0
grafo9260.68.gml,15.0,7.0,8.0,False,1.57,599.0
grafo4088.45.gml,7.0,4.0,3.0,False,1.04,599.0
grafo5120.60.gml,5.0,2.0,3.0,False,1.14,599.0
grafo10838.37.gml,7.0,5.0,2.0,False,0.92,599.0
grafo8756.90.gml,21.0,7.0,14.0,False,1.92,599.0
grafo8326.76.gml,24.0,8.0,16.0,False,2.08,599.0
grafo6743.82.gml,13.0,6.0,7.0,False,1.51,599.0
grafo9054.99.gml,12.0,3.0,9.0,False,1.86,599.0
grafo6292.74.gml,15.0,5.0,10.0,False,1.75,599.0
grafo1394.45.gml,8.0,4.0,4.0,False,1.06,599.0
grafo3400.93.gml,17.0,3.0,14.0,False,1.91,599.0
grafo9228.81.gml,18.0,4.0,14.0,False,1.99,599.0
grafo6900.39.gml,7.0,4.0,3.0,False,1.02,599.0
grafo5619.39.gml,7.0,5.0,2.0,False,0.93,599.0
grafo5124.36.gml,3.0,1.0,2.0,False,0.9,599.0
grafo1268.55.gml,6.0,3.0,3.0,False,1.13,599.0
grafo7849.77.gml,23.0,11.0,12.0,False,2.02,599.0
grafo7904.82.gml,9.0,2.0,7.0,False,1.54,599.0
grafo8993.87.gml,26.0,9.0,17.0,False,2.14,599.0
grafo9662.84.gml,21.0,7.0,14.0,False,1.98,599.0
grafo3312.39.gml,5.0,2.0,3.0,False,0.95,599.0
grafo8391.69.gml,8.0,4.0,4.0,False,1.33,599.0
grafo7086.47.gml,7.0,3.0,4.0,False,0.99,599.0
grafo7917.84.gml,18.0,4.0,14.0,False,1.88,599.0
grafo10204.100.gml,25.0,6.0,19.0,False,2.42,599.0
grafo6306.42.gml,9.0,3.0,6.0,False,1.34,599.0
grafo6195.40.gml,3.0,2.0,1.0,True,0.89,592.0
grafo9608.83.gml,8.0,4.0,4.0,False,1.28,599.0
grafo7101.86.gml,20.0,5.0,15.0,False,1.9,599.0
grafo9682.65.gml,15.0,3.0,12.0,False,1.86,599.0
grafo10840.36.gml,6.0,2.0,4.0,False,1.13,599.0
grafo10252.96.gml,18.0,5.0,13.0,False,2.11,599.0
grafo3119.55.gml,12.0,5.0,7.0,False,1.39,599.0
grafo6456.58.gml,14.0,5.0,9.0,False,1.51,599.0
grafo8893.96.gml,30.0,9.0,21.0,False,2.52,599.0
grafo7654.45.gml,6.0,3.0,3.0,False,1.07,599.0
grafo4803.53.gml,9.0,3.0,6.0,False,1.25,599.0
grafo9396.88.gml,21.0,7.0,14.0,False,1.81,599.0
grafo6407.47.gml,5.0,3.0,2.0,False,1.04,599.0
grafo10738.96.gml,17.0,5.0,12.0,False,1.79,599.0
grafo4850.55.gml,11.0,5.0,6.0,False,1.27,599.0
grafo5361.76.gml,16.0,4.0,12.0,False,1.74,599.0
grafo5841.76.gml,10.0,3.0,7.0,False,1.54,599.0
grafo5423.76.gml,13.0,6.0,7.0,False,1.45,599.0
grafo3341.37.gml,7.0,4.0,3.0,False,1.07,599.0
grafo4552.78.gml,13.0,5.0,8.0,False,1.69,599.0
grafo7334.43.gml,9.0,3.0,6.0,False,1.23,599.0
grafo3657.42.gml,15.0,10.0,5.0,False,1.18,599.0
grafo7233.37.gml,12.0,7.0,5.0,False,1.1,599.0
grafo5109.83.gml,17.0,4.0,13.0,False,1.96,599.0
grafo11128.36.gml,5.0,1.0,4.0,False,0.98,599.0
grafo4861.55.gml,9.0,3.0,6.0,False,1.34,599.0
grafo3500.64.gml,13.0,2.0,11.0,False,1.56,599.0
grafo9245.82.gml,14.0,4.0,10.0,False,1.62,599.0
grafo8415.84.gml,15.0,5.0,10.0,False,1.55,599.0
grafo7788.84.gml,22.0,10.0,12.0,False,1.88,599.0
grafo9544.62.gml,14.0,4.0,10.0,False,1.63,599.0
grafo9745.84.gml,19.0,3.0,16.0,False,1.82,599.0
grafo8149.82.gml,14.0,7.0,7.0,False,1.54,599.0
grafo11612.36.gml,8.0,6.0,2.0,False,1.1,599.0
grafo9986.91.gml,15.0,6.0,9.0,False,1.96,599.0
grafo10659.38.gml,13.0,8.0,5.0,False,1.25,599.0
grafo1130.23.gml,8.0,4.0,4.0,False,1.16,599.0
grafo8434.69.gml,17.0,5.0,12.0,False,1.63,599.0
grafo3274.52.gml,12.0,8.0,4.0,False,1.16,599.0
grafo11378.36.gml,10.0,5.0,5.0,False,1.07,599.0
grafo6863.40.gml,10.0,4.0,6.0,False,1.33,599.0
grafo2400.26.gml,7.0,5.0,2.0,False,1.02,599.0
grafo5889.60.gml,13.0,7.0,6.0,False,1.35,599.0
grafo11043.94.gml,16.0,5.0,11.0,False,2.05,599.0
grafo9167.67.gml,15.0,5.0,10.0,False,1.67,599.0
grafo161.31.gml,4.0,2.0,2.0,False,0.94,599.0
grafo8241.73.gml,9.0,5.0,4.0,False,1.31,599.0
grafo6986.46.gml,10.0,6.0,4.0,False,1.18,599.0
grafo6332.47.gml,6.0,3.0,3.0,False,1.08,599.0
grafo6652.54.gml,16.0,8.0,8.0,False,1.41,599.0
grafo8137.86.gml,26.0,6.0,20.0,False,2.27,599.0
grafo8109.77.gml,21.0,7.0,14.0,False,2.07,599.0
grafo9541.80.gml,14.0,6.0,8.0,False,1.53,599.0
grafo2674.18.gml,2.0,1.0,1.0,True,0.16,122.0
grafo9449.72.gml,22.0,8.0,14.0,False,1.73,599.0
grafo10657.39.gml,6.0,4.0,2.0,False,1.05,599.0
grafo4989.75.gml,12.0,5.0,7.0,False,1.48,599.0
grafo7361.76.gml,8.0,4.0,4.0,False,1.19,599.0
grafo3443.51.gml,10.0,4.0,6.0,False,1.37,599.0
grafo7400.57.gml,10.0,6.0,4.0,False,1.15,599.0
grafo3495.42.gml,5.0,2.0,3.0,False,0.99,599.0
grafo2605.32.gml,5.0,3.0,2.0,False,0.9,599.0
grafo10311.91.gml,12.0,6.0,6.0,False,1.47,599.0
grafo3526.49.gml,12.0,5.0,7.0,False,1.44,599.0
grafo5119.76.gml,30.0,8.0,22.0,False,2.32,599.0
grafo6371.41.gml,11.0,7.0,4.0,False,1.11,599.0
grafo7240.60.gml,13.0,5.0,8.0,False,1.6,599.0
grafo8731.88.gml,17.0,6.0,11.0,False,1.71,599.0
grafo4603.50.gml,13.0,9.0,4.0,False,1.28,599.0
grafo10020.38.gml,7.0,3.0,4.0,False,1.09,599.0
grafo11472.91.gml,23.0,8.0,15.0,False,2.19,599.0
grafo10690.96.gml,12.0,4.0,8.0,False,1.52,599.0
grafo5962.69.gml,8.0,4.0,4.0,False,1.32,599.0
grafo1234.25.gml,4.0,2.0,2.0,False,0.89,599.0
grafo2877.36.gml,12.0,4.0,8.0,False,1.32,599.0
grafo11482.39.gml,7.0,3.0,4.0,False,1.05,599.0
grafo10748.39.gml,12.0,8.0,4.0,False,1.26,599.0
grafo6980.59.gml,8.0,1.0,7.0,False,1.43,599.0
grafo3258.42.gml,8.0,5.0,3.0,False,1.14,599.0
grafo9871.38.gml,10.0,4.0,6.0,False,1.25,599.0
grafo6657.59.gml,8.0,3.0,5.0,False,1.25,599.0
grafo1936.18.gml,10.0,8.0,2.0,False,0.88,599.0
grafo7901.69.gml,13.0,6.0,7.0,False,1.48,599.0
grafo10908.98.gml,23.0,5.0,18.0,False,2.2,599.0
grafo7706.40.gml,7.0,5.0,2.0,False,1.0,599.0
grafo6514.39.gml,8.0,5.0,3.0,False,1.13,599.0
grafo10559.98.gml,18.0,7.0,11.0,False,1.78,599.0
grafo6617.84.gml,24.0,12.0,12.0,False,1.92,599.0
grafo6132.44.gml,14.0,8.0,6.0,False,1.33,599.0
grafo3670.41.gml,6.0,2.0,4.0,False,1.12,599.0
grafo4774.65.gml,13.0,8.0,5.0,False,1.42,599.0
grafo6320.49.gml,4.0,3.0,1.0,True,0.49,292.0
grafo8714.73.gml,4.0,2.0,2.0,False,1.1,599.0
grafo3588.36.gml,4.0,3.0,1.0,True,0.18,141.0
grafo4890.80.gml,18.0,7.0,11.0,False,1.71,599.0
grafo4960.58.gml,8.0,3.0,5.0,False,1.35,599.0
grafo9078.70.gml,11.0,5.0,6.0,False,1.29,599.0
grafo5659.46.gml,7.0,4.0,3.0,False,1.11,599.0
grafo8008.95.gml,30.0,6.0,24.0,False,2.53,599.0
grafo2431.86.gml,10.0,6.0,4.0,False,1.29,599.0
grafo6592.55.gml,13.0,4.0,9.0,False,1.38,599.0
grafo8133.82.gml,17.0,8.0,9.0,False,1.76,599.0
grafo8864.98.gml,28.0,11.0,17.0,False,2.28,599.0
grafo9363.70.gml,15.0,2.0,13.0,False,1.52,599.0
grafo4668.61.gml,24.0,9.0,15.0,False,1.79,599.0
grafo7915.78.gml,19.0,7.0,12.0,False,1.92,599.0
grafo6020.39.gml,7.0,4.0,3.0,False,0.97,599.0
grafo11072.98.gml,30.0,12.0,18.0,False,2.39,599.0
grafo3074.26.gml,7.0,4.0,3.0,False,1.0,599.0
grafo10781.100.gml,24.0,9.0,15.0,False,2.41,599.0
grafo9239.62.gml,9.0,2.0,7.0,False,1.5,599.0
grafo6067.36.gml,6.0,5.0,1.0,True,0.31,206.0
grafo8301.76.gml,22.0,6.0,16.0,False,2.13,599.0
grafo11380.97.gml,15.0,5.0,10.0,False,1.89,599.0
grafo11410.37.gml,5.0,3.0,2.0,False,0.92,599.0
grafo10502.91.gml,22.0,7.0,15.0,False,2.37,599.0
grafo7212.42.gml,10.0,7.0,3.0,False,1.02,599.0
grafo6696.47.gml,18.0,9.0,9.0,False,1.37,599.0
grafo6209.43.gml,7.0,2.0,5.0,False,1.05,599.0
grafo10682.98.gml,23.0,9.0,14.0,False,2.1,599.0
grafo5340.34.gml,6.0,3.0,3.0,False,1.03,599.0
grafo4537.75.gml,20.0,9.0,11.0,False,1.69,599.0
grafo10605.99.gml,17.0,7.0,10.0,False,1.64,599.0
grafo8397.61.gml,11.0,6.0,5.0,False,1.37,599.0
grafo11037.99.gml,28.0,10.0,18.0,False,2.41,599.0
grafo5196.73.gml,10.0,4.0,6.0,False,1.3,599.0
grafo8727.79.gml,5.0,2.0,3.0,False,1.19,599.0
grafo3141.42.gml,7.0,5.0,2.0,False,1.01,599.0
grafo10484.99.gml,27.0,8.0,19.0,False,2.38,599.0
grafo1431.52.gml,9.0,2.0,7.0,False,1.3,599.0
grafo4013.38.gml,6.0,3.0,3.0,False,0.98,599.0
grafo4872.60.gml,19.0,4.0,15.0,False,1.89,599.0
grafo5207.43.gml,18.0,10.0,8.0,False,1.5,599.0
grafo5115.65.gml,19.0,6.0,13.0,False,1.79,599.0
grafo3459.43.gml,15.0,5.0,10.0,False,1.42,599.0
grafo6185.51.gml,10.0,4.0,6.0,False,1.33,599.0
grafo10125.99.gml,11.0,5.0,6.0,False,1.41,599.0
grafo10935.94.gml,18.0,4.0,14.0,False,2.01,599.0
grafo5333.43.gml,15.0,8.0,7.0,False,1.28,599.0
grafo7820.71.gml,12.0,4.0,8.0,False,1.5,599.0
grafo6772.75.gml,25.0,15.0,10.0,False,1.71,599.0
grafo9174.81.gml,13.0,3.0,10.0,False,1.65,599.0
grafo7313.43.gml,6.0,3.0,3.0,False,1.01,599.0
grafo3536.60.gml,5.0,2.0,3.0,False,1.08,599.0
grafo5976.43.gml,12.0,7.0,5.0,False,1.18,599.0
grafo10509.32.gml,5.0,4.0,1.0,True,0.56,422.0
grafo10429.100.gml,33.0,12.0,21.0,False,2.23,599.0
grafo3364.52.gml,18.0,10.0,8.0,False,1.49,599.0
grafo11148.99.gml,18.0,5.0,13.0,False,2.11,599.0
grafo9038.73.gml,11.0,5.0,6.0,False,1.39,599.0
grafo7410.37.gml,4.0,2.0,2.0,False,1.08,599.0
grafo10144.98.gml,29.0,6.0,23.0,False,2.3,599.0
grafo3641.52.gml,8.0,3.0,5.0,False,1.25,599.0
grafo9368.72.gml,11.0,4.0,7.0,False,1.37,599.0
grafo4201.74.gml,16.0,8.0,8.0,False,1.49,599.0
grafo2478.47.gml,8.0,4.0,4.0,False,1.17,599.0
grafo3577.40.gml,5.0,4.0,1.0,True,0.78,496.0
grafo1547.53.gml,13.0,8.0,5.0,False,1.21,599.0
grafo8483.76.gml,14.0,6.0,8.0,False,1.59,599.0
grafo10919.97.gml,20.0,7.0,13.0,False,2.15,599.0
grafo3445.37.gml,3.0,2.0,1.0,True,0.66,439.0
grafo6396.45.gml,11.0,4.0,7.0,False,1.3,599.0
grafo5683.39.gml,7.0,3.0,4.0,False,1.07,599.0
grafo9927.40.gml,6.0,4.0,2.0,False,0.94,599.0
grafo6330.39.gml,9.0,6.0,3.0,False,1.08,599.0
grafo7563.42.gml,6.0,3.0,3.0,False,1.17,599.0
grafo3384.52.gml,25.0,11.0,14.0,False,1.76,599.0
grafo5263.75.gml,7.0,3.0,4.0,False,1.4,599.0
grafo7692.42.gml,7.0,4.0,3.0,False,1.06,599.0
grafo2086.39.gml,7.0,3.0,4.0,False,1.15,599.0
grafo9808.72.gml,12.0,6.0,6.0,False,1.32,599.0
grafo1441.71.gml,14.0,6.0,8.0,False,1.43,599.0
grafo7246.42.gml,7.0,4.0,3.0,False,0.98,599.0
grafo7896.67.gml,13.0,5.0,8.0,False,1.52,599.0
grafo5794.54.gml,20.0,10.0,10.0,False,1.41,599.0
grafo7732.42.gml,9.0,6.0,3.0,False,1.06,599.0
grafo11085.97.gml,22.0,9.0,13.0,False,1.69,599.0
grafo9875.38.gml,6.0,4.0,2.0,False,0.98,599.0
grafo1523.27.gml,6.0,4.0,2.0,False,0.9,599.0
grafo7533.50.gml,8.0,5.0,3.0,False,1.17,599.0
grafo11093.100.gml,18.0,8.0,10.0,False,1.87,599.0
grafo2573.35.gml,3.0,1.0,2.0,False,0.95,599.0
grafo9809.67.gml,13.0,6.0,7.0,False,1.4,599.0
grafo3682.49.gml,18.0,7.0,11.0,False,1.62,599.0
grafo3329.39.gml,5.0,3.0,2.0,False,0.96,599.0
grafo4987.64.gml,7.0,3.0,4.0,False,1.14,599.0
grafo7360.44.gml,9.0,5.0,4.0,False,1.11,599.0
grafo4125.55.gml,17.0,10.0,7.0,False,1.36,599.0
grafo3916.40.gml,6.0,4.0,2.0,False,0.98,599.0
grafo9613.67.gml,16.0,6.0,10.0,False,1.56,599.0
grafo7763.57.gml,13.0,5.0,8.0,False,1.59,599.0
grafo4746.67.gml,20.0,9.0,11.0,False,1.62,599.0
grafo4046.49.gml,11.0,3.0,8.0,False,1.33,599.0
grafo5740.61.gml,22.0,10.0,12.0,False,1.6,599.0
grafo5977.35.gml,5.0,3.0,2.0,False,0.98,599.0
grafo9224.65.gml,18.0,6.0,12.0,False,1.75,599.0
grafo4269.61.gml,16.0,5.0,11.0,False,1.76,599.0
grafo6259.44.gml,9.0,4.0,5.0,False,1.46,599.0
grafo7014.47.gml,13.0,6.0,7.0,False,1.21,599.0
grafo3679.39.gml,4.0,3.0,1.0,True,0.44,356.0
grafo2981.26.gml,6.0,3.0,3.0,False,0.95,599.0
grafo7261.42.gml,16.0,10.0,6.0,False,1.23,599.0
grafo9046.84.gml,17.0,4.0,13.0,False,1.73,599.0
grafo2258.47.gml,6.0,3.0,3.0,False,1.04,599.0
grafo3558.39.gml,14.0,3.0,11.0,False,1.48,599.0
grafo10856.91.gml,13.0,6.0,7.0,False,1.65,599.0
grafo10170.96.gml,20.0,6.0,14.0,False,1.85,599.0
grafo8151.76.gml,7.0,1.0,6.0,False,1.31,599.0
grafo4938.71.gml,13.0,7.0,6.0,False,1.48,599.0
grafo5332.61.gml,19.0,11.0,8.0,False,1.54,599.0
grafo7445.49.gml,16.0,8.0,8.0,False,1.4,599.0
grafo6848.39.gml,6.0,4.0,2.0,False,1.01,599.0
grafo5178.42.gml,9.0,5.0,4.0,False,1.15,599.0
grafo8951.93.gml,15.0,5.0,10.0,False,1.81,599.0
grafo2902.17.gml,6.0,4.0,2.0,False,0.89,599.0
grafo7864.75.gml,16.0,5.0,11.0,False,1.7,599.0
grafo5992.44.gml,19.0,8.0,11.0,False,1.66,599.0
grafo9444.65.gml,18.0,8.0,10.0,False,1.8,599.0
grafo9383.63.gml,11.0,5.0,6.0,False,1.4,599.0
grafo7522.46.gml,13.0,5.0,8.0,False,1.36,599.0
grafo295.15.gml,2.0,1.0,1.0,True,0.01,6.0
grafo9737.74.gml,10.0,2.0,8.0,False,1.46,599.0
grafo1506.43.gml,6.0,4.0,2.0,False,0.92,599.0
grafo5595.42.gml,7.0,4.0,3.0,False,1.08,599.0
grafo10107.93.gml,21.0,7.0,14.0,False,2.14,599.0
grafo6000.76.gml,12.0,2.0,10.0,False,1.71,599.0
grafo3382.99.gml,19.0,7.0,12.0,False,1.95,599.0
grafo9352.80.gml,10.0,6.0,4.0,False,1.36,599.0
grafo6391.43.gml,12.0,4.0,8.0,False,1.27,599.0
grafo3415.49.gml,9.0,3.0,6.0,False,1.17,599.0
grafo4009.43.gml,10.0,6.0,4.0,False,1.11,599.0
grafo3197.41.gml,5.0,2.0,3.0,False,1.15,599.0
grafo8190.73.gml,17.0,6.0,11.0,False,1.56,599.0
grafo4150.64.gml,13.0,3.0,10.0,False,1.67,599.0
grafo2019.41.gml,3.0,2.0,1.0,True,0.39,254.0
grafo5301.37.gml,3.0,2.0,1.0,True,0.13,94.0
grafo1400.31.gml,6.0,4.0,2.0,False,1.03,599.0
grafo3857.39.gml,7.0,2.0,5.0,False,1.07,599.0
grafo8637.84.gml,14.0,1.0,13.0,False,2.0,599.0
grafo9181.67.gml,18.0,7.0,11.0,False,1.66,599.0
grafo10276.41.gml,7.0,3.0,4.0,False,1.09,599.0
grafo3972.43.gml,6.0,2.0,4.0,False,1.12,599.0
grafo9590.74.gml,11.0,3.0,8.0,False,1.56,599.0
grafo7050.40.gml,7.0,5.0,2.0,False,0.92,599.0
grafo6519.56.gml,12.0,4.0,8.0,False,1.43,599.0
grafo6143.39.gml,13.0,4.0,9.0,False,1.26,599.0
grafo9153.74.gml,23.0,9.0,14.0,False,1.84,599.0
grafo7801.70.gml,6.0,1.0,5.0,False,1.26,599.0
grafo2986.38.gml,9.0,6.0,3.0,False,1.03,599.0
grafo4962.76.gml,15.0,4.0,11.0,False,1.69,599.0
grafo3408.62.gml,9.0,5.0,4.0,False,1.09,599.0
grafo10797.94.gml,23.0,12.0,11.0,False,1.96,599.0
grafo8468.85.gml,10.0,4.0,6.0,False,1.47,599.0
grafo3019.39.gml,7.0,3.0,4.0,False,1.1,599.0
grafo8644.92.gml,17.0,7.0,10.0,False,1.69,599.0
grafo3833.55.gml,8.0,5.0,3.0,False,1.13,599.0
grafo3301.53.gml,17.0,6.0,11.0,False,1.67,599.0
grafo6358.42.gml,7.0,1.0,6.0,False,1.26,599.0
grafo7619.44.gml,13.0,3.0,10.0,False,1.49,599.0
grafo8427.65.gml,14.0,6.0,8.0,False,1.53,599.0
grafo4832.59.gml,7.0,3.0,4.0,False,1.2,599.0
grafo5079.64.gml,9.0,3.0,6.0,False,1.34,599.0
grafo5257.38.gml,4.0,2.0,2.0,False,0.91,599.0
grafo7997.71.gml,12.0,3.0,9.0,False,1.54,599.0
grafo5819.38.gml,6.0,4.0,2.0,False,1.03,599.0
grafo8277.82.gml,23.0,8.0,15.0,False,2.07,599.0
grafo6569.45.gml,8.0,4.0,4.0,False,1.15,599.0
grafo3318.55.gml,11.0,3.0,8.0,False,1.38,599.0
grafo6890.71.gml,27.0,11.0,16.0,False,2.11,599.0
grafo5652.40.gml,9.0,4.0,5.0,False,1.09,599.0
grafo7646.50.gml,5.0,2.0,3.0,False,1.08,599.0
grafo1285.26.gml,4.0,3.0,1.0,True,0.17,132.0
grafo4831.56.gml,22.0,7.0,15.0,False,1.75,599.0
grafo11429.37.gml,5.0,3.0,2.0,False,0.99,599.0
grafo7403.43.gml,9.0,5.0,4.0,False,1.05,599.0
grafo5036.62.gml,11.0,6.0,5.0,False,1.3,599.0
grafo8451.69.gml,18.0,8.0,10.0,False,1.6,599.0
grafo6749.86.gml,8.0,4.0,4.0,False,1.25,599.0
grafo4212.55.gml,6.0,2.0,4.0,False,1.14,599.0
grafo4814.68.gml,12.0,3.0,9.0,False,1.44,599.0
grafo10960.98.gml,18.0,4.0,14.0,False,2.04,599.0
grafo5327.40.gml,5.0,4.0,1.0,True,0.51,350.0
grafo8399.70.gml,13.0,7.0,6.0,False,1.49,599.0
grafo9088.68.gml,21.0,8.0,13.0,False,1.73,599.0
grafo8625.85.gml,9.0,4.0,5.0,False,1.38,599.0
grafo10128.98.gml,27.0,14.0,13.0,False,2.1,599.0
grafo4017.44.gml,9.0,5.0,4.0,False,1.11,599.0
grafo6862.47.gml,12.0,8.0,4.0,False,1.23,599.0
grafo9495.67.gml,15.0,6.0,9.0,False,1.64,599.0
grafo10637.94.gml,21.0,2.0,19.0,False,2.46,599.0
grafo4281.59.gml,8.0,5.0,3.0,False,1.17,599.0
grafo6991.44.gml,11.0,5.0,6.0,False,1.19,599.0
grafo9836.62.gml,16.0,9.0,7.0,False,1.32,599.0
grafo5758.60.gml,16.0,5.0,11.0,False,1.6,599.0
grafo4082.60.gml,8.0,2.0,6.0,False,1.3,599.0
grafo10385.94.gml,20.0,9.0,11.0,False,1.88,599.0
grafo8067.80.gml,16.0,1.0,15.0,False,1.82,599.0
grafo6101.36.gml,2.0,1.0,1.0,True,0.26,189.0
grafo8178.85.gml,11.0,1.0,10.0,False,1.63,599.0
grafo9698.79.gml,25.0,12.0,13.0,False,1.58,599.0
grafo8254.72.gml,10.0,5.0,5.0,False,1.17,599.0
grafo6427.44.gml,15.0,11.0,4.0,False,1.15,599.0
grafo7190.52.gml,9.0,4.0,5.0,False,1.3,599.0
grafo8631.87.gml,21.0,7.0,14.0,False,2.0,599.0
grafo3633.38.gml,13.0,4.0,9.0,False,1.37,599.0
grafo7980.62.gml,19.0,7.0,12.0,False,1.66,599.0
grafo9379.61.gml,7.0,3.0,4.0,False,1.1,599.0
grafo10929.94.gml,16.0,6.0,10.0,False,1.93,599.0
grafo2973.37.gml,3.0,2.0,1.0,True,0.29,195.0
grafo6674.46.gml,9.0,3.0,6.0,False,1.24,599.0
grafo914.26.gml,11.0,5.0,6.0,False,1.13,599.0
grafo7250.47.gml,15.0,9.0,6.0,False,1.37,599.0
grafo6354.41.gml,10.0,4.0,6.0,False,1.2,599.0
grafo10698.95.gml,18.0,5.0,13.0,False,2.04,599.0
grafo1617.67.gml,2.0,1.0,1.0,True,0.04,21.0
grafo7475.40.gml,3.0,1.0,2.0,False,0.99,599.0
grafo4502.55.gml,14.0,7.0,7.0,False,1.38,599.0
grafo4321.81.gml,13.0,6.0,7.0,False,1.36,599.0
grafo925.21.gml,6.0,4.0,2.0,False,0.98,599.0
grafo9079.72.gml,10.0,4.0,6.0,False,1.34,599.0
grafo3731.47.gml,18.0,11.0,7.0,False,1.42,599.0
grafo10250.100.gml,15.0,4.0,11.0,False,2.03,599.0
grafo6230.52.gml,7.0,2.0,5.0,False,1.18,599.0
grafo9351.73.gml,9.0,5.0,4.0,False,1.28,599.0
grafo3723.53.gml,8.0,2.0,6.0,False,1.29,599.0
grafo11579.36.gml,7.0,4.0,3.0,False,0.96,599.0
grafo8371.96.gml,23.0,3.0,20.0,False,2.11,599.0
grafo8025.82.gml,16.0,8.0,8.0,False,1.52,599.0
grafo9801.69.gml,12.0,7.0,5.0,False,1.3,599.0
grafo9185.64.gml,19.0,10.0,9.0,False,1.51,599.0
grafo9562.66.gml,19.0,11.0,8.0,False,1.51,599.0
grafo6489.48.gml,9.0,4.0,5.0,False,1.2,599.0
grafo6475.51.gml,9.0,5.0,4.0,False,1.12,599.0
grafo11642.36.gml,8.0,3.0,5.0,False,1.09,599.0
grafo4267.52.gml,11.0,6.0,5.0,False,1.19,599.0
grafo7935.71.gml,14.0,5.0,9.0,False,1.4,599.0
grafo3178.34.gml,5.0,4.0,1.0,True,0.44,302.0
grafo7332.49.gml,18.0,1.0,17.0,False,1.81,599.0
grafo9230.83.gml,24.0,10.0,14.0,False,1.93,599.0
grafo2109.11.gml,5.0,4.0,1.0,True,0.4,288.0
grafo6080.62.gml,13.0,5.0,8.0,False,1.58,599.0
grafo11040.95.gml,16.0,3.0,13.0,False,2.0,599.0
grafo7061.53.gml,17.0,9.0,8.0,False,1.37,599.0
grafo5157.39.gml,10.0,8.0,2.0,False,1.07,599.0
grafo11146.99.gml,16.0,7.0,9.0,False,1.71,599.0
grafo284.28.gml,4.0,2.0,2.0,False,0.89,599.0
grafo11419.92.gml,21.0,7.0,14.0,False,1.93,599.0
grafo6619.48.gml,4.0,2.0,2.0,False,1.01,599.0
grafo10201.93.gml,20.0,7.0,13.0,False,1.95,599.0
grafo8538.80.gml,21.0,6.0,15.0,False,1.85,599.0
grafo1626.18.gml,8.0,7.0,1.0,True,0.61,430.0
grafo9128.64.gml,17.0,8.0,9.0,False,1.76,599.0
grafo10298.97.gml,24.0,8.0,16.0,False,2.22,599.0
grafo7832.69.gml,12.0,6.0,6.0,False,1.49,599.0
grafo10378.100.gml,8.0,4.0,4.0,False,1.43,599.0
grafo6902.44.gml,9.0,5.0,4.0,False,1.07,599.0
grafo8055.79.gml,15.0,6.0,9.0,False,1.67,599.0
grafo10635.95.gml,22.0,6.0,16.0,False,2.29,599.0
grafo6886.43.gml,18.0,8.0,10.0,False,1.39,599.0
grafo2378.21.gml,3.0,2.0,1.0,True,0.04,31.0
grafo4107.37.gml,8.0,5.0,3.0,False,1.04,599.0
grafo10490.99.gml,24.0,12.0,12.0,False,1.97,599.0
grafo9762.78.gml,17.0,6.0,11.0,False,1.61,599.0
grafo7789.62.gml,14.0,8.0,6.0,False,1.51,599.0
grafo10193.38.gml,2.0,0.0,2.0,False,0.92,599.0
grafo5122.39.gml,8.0,6.0,2.0,False,1.02,599.0
grafo10752.35.gml,11.0,8.0,3.0,False,0.93,599.0
grafo8502.89.gml,8.0,1.0,7.0,False,1.41,599.0
grafo3139.89.gml,16.0,3.0,13.0,False,1.89,599.0
grafo4713.61.gml,12.0,3.0,9.0,False,1.57,599.0
grafo8478.98.gml,26.0,3.0,23.0,False,2.36,599.0
grafo7814.61.gml,18.0,8.0,10.0,False,1.63,599.0
grafo3401.41.gml,12.0,8.0,4.0,False,1.06,599.0
grafo9136.67.gml,13.0,5.0,8.0,False,1.46,599.0
grafo8875.98.gml,15.0,7.0,8.0,False,1.89,599.0
grafo7888.77.gml,16.0,4.0,12.0,False,1.71,599.0
grafo3981.43.gml,4.0,3.0,1.0,True,0.69,447.0
grafo9906.38.gml,5.0,2.0,3.0,False,1.03,599.0
grafo4993.65.gml,15.0,5.0,10.0,False,1.73,599.0
grafo2012.30.gml,9.0,6.0,3.0,False,1.16,599.0
grafo3883.42.gml,16.0,8.0,8.0,False,1.38,599.0
grafo9250.73.gml,15.0,8.0,7.0,False,1.6,599.0
grafo3212.57.gml,12.0,5.0,7.0,False,1.35,599.0
grafo9160.72.gml,16.0,7.0,9.0,False,1.6,599.0
grafo1396.61.gml,7.0,3.0,4.0,False,1.23,599.0
grafo5053.60.gml,16.0,6.0,10.0,False,1.6,599.0
grafo8769.86.gml,12.0,4.0,8.0,False,1.55,599.0
grafo11238.37.gml,20.0,17.0,3.0,False,1.06,599.0
grafo4773.57.gml,15.0,6.0,9.0,False,1.43,599.0
grafo6818.57.gml,9.0,4.0,5.0,False,1.28,599.0
grafo10771.92.gml,19.0,5.0,14.0,False,2.02,599.0
grafo10262.100.gml,25.0,7.0,18.0,False,2.11,599.0
grafo7005.42.gml,8.0,4.0,4.0,False,1.18,599.0
grafo6083.76.gml,29.0,11.0,18.0,False,2.04,599.0
grafo6351.79.gml,15.0,6.0,9.0,False,1.66,599.0
grafo4481.77.gml,23.0,6.0,17.0,False,2.23,599.0
grafo10260.98.gml,25.0,13.0,12.0,False,1.91,599.0
grafo5777.38.gml,6.0,2.0,4.0,False,1.1,599.0
grafo6627.57.gml,12.0,6.0,6.0,False,1.47,599.0
grafo11156.98.gml,10.0,5.0,5.0,False,1.37,599.0
grafo5098.58.gml,13.0,5.0,8.0,False,1.4,599.0
grafo8549.100.gml,24.0,6.0,18.0,False,2.18,599.0
grafo9722.79.gml,17.0,6.0,11.0,False,1.75,599.0
grafo7559.52.gml,10.0,4.0,6.0,False,1.16,599.0
grafo4567.51.gml,5.0,3.0,2.0,False,1.12,599.0
grafo8194.76.gml,24.0,12.0,12.0,False,1.76,599.0
grafo7145.56.gml,6.0,2.0,4.0,False,1.1,599.0
grafo7056.41.gml,6.0,3.0,3.0,False,0.97,599.0
grafo3969.54.gml,8.0,4.0,4.0,False,1.14,599.0
grafo4437.80.gml,23.0,10.0,13.0,False,1.75,599.0
grafo10280.37.gml,6.0,2.0,4.0,False,1.06,599.0
grafo9599.81.gml,11.0,4.0,7.0,False,1.5,599.0
grafo4834.74.gml,11.0,5.0,6.0,False,1.37,599.0
grafo3346.55.gml,9.0,4.0,5.0,False,1.27,599.0
grafo2195.35.gml,5.0,3.0,2.0,False,0.96,599.0
grafo5307.39.gml,5.0,1.0,4.0,False,1.14,599.0
grafo2226.39.gml,11.0,4.0,7.0,False,1.51,599.0
grafo9835.77.gml,14.0,7.0,7.0,False,1.48,599.0
grafo6451.47.gml,13.0,7.0,6.0,False,1.36,599.0
grafo9374.65.gml,13.0,7.0,6.0,False,1.46,599.0
grafo5904.37.gml,7.0,3.0,4.0,False,1.05,599.0
grafo7655.49.gml,9.0,4.0,5.0,False,1.21,599.0
grafo7776.78.gml,23.0,10.0,13.0,False,1.79,599.0
grafo5821.33.gml,3.0,1.0,2.0,False,0.92,599.0
grafo9914.91.gml,12.0,4.0,8.0,False,1.71,599.0
grafo8510.100.gml,36.0,7.0,29.0,False,2.53,599.0
grafo8975.72.gml,9.0,3.0,6.0,False,1.34,599.0
grafo8659.92.gml,26.0,3.0,23.0,False,2.3,599.0
grafo4446.60.gml,15.0,4.0,11.0,False,1.51,599.0
grafo7826.87.gml,22.0,7.0,15.0,False,1.9,599.0
grafo3599.56.gml,20.0,9.0,11.0,False,1.65,599.0
grafo4124.59.gml,14.0,5.0,9.0,False,1.49,599.0
grafo10058.32.gml,5.0,4.0,1.0,True,0.42,289.0
grafo5188.70.gml,10.0,5.0,5.0,False,1.33,599.0
grafo4365.77.gml,20.0,8.0,12.0,False,1.71,599.0
grafo6199.42.gml,6.0,2.0,4.0,False,1.0,599.0
grafo7924.72.gml,12.0,5.0,7.0,False,1.46,599.0
grafo8884.64.gml,12.0,5.0,7.0,False,1.42,599.0
grafo8686.89.gml,16.0,6.0,10.0,False,1.59,599.0
grafo10195.99.gml,25.0,10.0,15.0,False,2.2,599.0
grafo7294.57.gml,12.0,5.0,7.0,False,1.32,599.0
grafo6281.56.gml,6.0,2.0,4.0,False,1.31,599.0
grafo7959.73.gml,19.0,12.0,7.0,False,1.48,599.0
grafo4442.84.gml,16.0,6.0,10.0,False,1.73,599.0
grafo4701.54.gml,10.0,7.0,3.0,False,1.1,599.0
grafo8486.85.gml,15.0,8.0,7.0,False,1.69,599.0
grafo1904.39.gml,6.0,3.0,3.0,False,0.94,599.0
grafo10579.96.gml,8.0,3.0,5.0,False,1.43,599.0
grafo4665.76.gml,25.0,7.0,18.0,False,2.06,599.0
grafo5087.77.gml,14.0,5.0,9.0,False,1.5,599.0
grafo5868.43.gml,5.0,3.0,2.0,False,1.06,599.0
grafo3917.38.gml,13.0,5.0,8.0,False,1.29,599.0
grafo4594.79.gml,10.0,3.0,7.0,False,1.55,599.0
grafo4657.79.gml,19.0,5.0,14.0,False,1.77,599.0
grafo10595.95.gml,18.0,2.0,16.0,False,1.83,599.0
grafo2045.28.gml,8.0,3.0,5.0,False,1.35,599.0
grafo7394.47.gml,9.0,4.0,5.0,False,1.04,599.0
grafo11425.38.gml,12.0,9.0,3.0,False,1.05,599.0
grafo7280.52.gml,7.0,4.0,3.0,False,1.2,599.0
grafo4389.63.gml,11.0,4.0,7.0,False,1.44,599.0
grafo2601.17.gml,6.0,4.0,2.0,False,1.02,599.0
grafo11403.44.gml,7.0,4.0,3.0,False,1.15,599.0
grafo9830.71.gml,7.0,3.0,4.0,False,1.18,599.0
grafo10740.92.gml,9.0,4.0,5.0,False,1.56,599.0
grafo5844.39.gml,6.0,3.0,3.0,False,0.96,599.0
grafo8986.65.gml,20.0,3.0,17.0,False,1.95,599.0
grafo3809.43.gml,3.0,2.0,1.0,True,0.55,412.0
grafo3965.57.gml,8.0,4.0,4.0,False,1.12,599.0
grafo3336.36.gml,8.0,6.0,2.0,False,0.92,599.0
grafo271.53.gml,6.0,4.0,2.0,False,1.12,599.0
grafo3472.92.gml,11.0,5.0,6.0,False,1.53,599.0
grafo7461.72.gml,14.0,6.0,8.0,False,1.46,599.0
grafo10712.98.gml,23.0,5.0,18.0,False,2.19,599.0
grafo4867.57.gml,11.0,5.0,6.0,False,1.36,599.0
grafo3366.52.gml,8.0,3.0,5.0,False,1.13,599.0
grafo2851.40.gml,5.0,2.0,3.0,False,1.07,599.0
grafo6669.64.gml,10.0,5.0,5.0,False,1.3,599.0
grafo5267.43.gml,10.0,4.0,6.0,False,1.22,599.0
grafo5647.78.gml,9.0,3.0,6.0,False,1.29,599.0
grafo8024.85.gml,15.0,7.0,8.0,False,1.63,599.0
grafo9729.69.gml,20.0,10.0,10.0,False,1.81,599.0
grafo3390.58.gml,18.0,6.0,12.0,False,1.66,599.0
grafo6769.61.gml,13.0,6.0,7.0,False,1.44,599.0
grafo8544.61.gml,7.0,2.0,5.0,False,1.4,599.0
grafo306.18.gml,4.0,2.0,2.0,False,0.86,599.0
grafo7812.72.gml,13.0,3.0,10.0,False,1.82,599.0
grafo3204.63.gml,11.0,6.0,5.0,False,1.4,599.0
grafo4955.59.gml,9.0,6.0,3.0,False,1.14,599.0
grafo5166.42.gml,5.0,2.0,3.0,False,1.0,599.0
grafo8725.86.gml,20.0,7.0,13.0,False,1.99,599.0
grafo7742.46.gml,6.0,2.0,4.0,False,1.07,599.0
grafo11508.91.gml,19.0,6.0,13.0,False,2.07,599.0
grafo9021.69.gml,18.0,5.0,13.0,False,1.84,599.0
grafo4918.55.gml,6.0,2.0,4.0,False,1.06,599.0
grafo9242.72.gml,11.0,3.0,8.0,False,1.56,599.0
grafo9924.39.gml,8.0,5.0,3.0,False,1.08,599.0
grafo8467.71.gml,12.0,3.0,9.0,False,1.46,599.0
grafo4756.51.gml,8.0,3.0,5.0,False,1.17,599.0
grafo5467.43.gml,16.0,5.0,11.0,False,1.69,599.0
grafo8978.63.gml,20.0,3.0,17.0,False,1.92,599.0
grafo7516.69.gml,12.0,4.0,8.0,False,1.41,599.0
grafo8332.87.gml,13.0,3.0,10.0,False,1.7,599.0
grafo6539.47.gml,10.0,4.0,6.0,False,1.21,599.0
grafo4889.58.gml,15.0,7.0,8.0,False,1.39,599.0
grafo8973.70.gml,19.0,7.0,12.0,False,1.71,599.0
grafo9712.67.gml,9.0,3.0,6.0,False,1.42,599.0
grafo3785.54.gml,8.0,3.0,5.0,False,1.18,599.0
grafo6385.49.gml,16.0,9.0,7.0,False,1.33,599.0
grafo6028.36.gml,4.0,2.0,2.0,False,0.88,599.0
grafo5742.39.gml,9.0,5.0,4.0,False,1.23,599.0
grafo7045.45.gml,20.0,6.0,14.0,False,1.59,599.0
grafo5077.56.gml,12.0,6.0,6.0,False,1.37,599.0
grafo8221.94.gml,17.0,6.0,11.0,False,1.97,599.0
grafo11213.37.gml,7.0,4.0,3.0,False,1.04,599.0
grafo5008.58.gml,7.0,2.0,5.0,False,1.2,599.0
grafo11099.99.gml,37.0,14.0,23.0,False,2.67,599.0
grafo8615.85.gml,11.0,4.0,7.0,False,1.59,599.0
grafo3095.34.gml,7.0,3.0,4.0,False,1.0,599.0
grafo6014.44.gml,13.0,8.0,5.0,False,1.1,599.0
grafo10475.98.gml,16.0,6.0,10.0,False,1.69,599.0
grafo5076.78.gml,17.0,9.0,8.0,False,1.52,599.0
grafo5607.38.gml,8.0,3.0,5.0,False,1.15,599.0
grafo7297.39.gml,17.0,11.0,6.0,False,1.41,599.0
grafo8243.71.gml,15.0,7.0,8.0,False,1.56,599.0
grafo1279.45.gml,7.0,3.0,4.0,False,1.11,599.0
grafo2143.19.gml,7.0,5.0,2.0,False,0.92,599.0
grafo4743.76.gml,14.0,3.0,11.0,False,1.88,599.0
grafo8032.68.gml,6.0,4.0,2.0,False,1.14,599.0
grafo10969.98.gml,15.0,5.0,10.0,False,1.77,599.0
grafo8924.89.gml,19.0,4.0,15.0,False,2.22,599.0
grafo7961.63.gml,4.0,1.0,3.0,False,1.05,599.0
grafo8716.80.gml,13.0,7.0,6.0,False,1.44,599.0
grafo9797.80.gml,13.0,4.0,9.0,False,1.69,599.0
grafo8983.63.gml,24.0,10.0,14.0,False,1.75,599.0
grafo10054.40.gml,6.0,3.0,3.0,False,1.03,599.0
grafo7222.40.gml,7.0,4.0,3.0,False,1.05,599.0
grafo6942.46.gml,10.0,5.0,5.0,False,1.2,599.0
grafo11359.37.gml,6.0,4.0,2.0,False,1.0,599.0
grafo2990.35.gml,6.0,3.0,3.0,False,1.06,599.0
grafo4526.66.gml,11.0,3.0,8.0,False,1.48,599.0
grafo5366.51.gml,17.0,8.0,9.0,False,1.42,599.0
grafo4397.74.gml,24.0,8.0,16.0,False,1.9,599.0
grafo7301.40.gml,5.0,3.0,2.0,False,0.96,599.0
grafo7507.67.gml,6.0,2.0,4.0,False,1.25,599.0
grafo1550.53.gml,7.0,3.0,4.0,False,1.11,599.0
grafo6198.41.gml,11.0,7.0,4.0,False,1.27,599.0
grafo6699.46.gml,17.0,10.0,7.0,False,1.4,599.0
grafo8930.97.gml,16.0,5.0,11.0,False,1.9,599.0
grafo4654.74.gml,15.0,5.0,10.0,False,1.83,599.0
grafo4999.55.gml,9.0,3.0,6.0,False,1.34,599.0
grafo10672.98.gml,19.0,5.0,14.0,False,2.09,599.0
grafo7948.90.gml,16.0,4.0,12.0,False,1.85,599.0
grafo8627.82.gml,12.0,3.0,9.0,False,1.48,599.0
grafo6528.72.gml,15.0,6.0,9.0,False,1.38,599.0
grafo5170.59.gml,13.0,6.0,7.0,False,1.29,599.0
grafo3010.19.gml,3.0,2.0,1.0,True,0.01,3.0
grafo10435.96.gml,21.0,12.0,9.0,False,1.68,599.0
grafo10240.97.gml,14.0,5.0,9.0,False,1.99,599.0
grafo11358.99.gml,18.0,8.0,10.0,False,1.73,599.0
grafo1625.19.gml,1.0,0.0,1.0,True,0.0,0.0
grafo8263.78.gml,12.0,4.0,8.0,False,1.67,599.0
grafo9696.62.gml,8.0,2.0,6.0,False,1.31,599.0
grafo3717.51.gml,16.0,8.0,8.0,False,1.36,599.0
grafo7090.54.gml,9.0,4.0,5.0,False,1.23,599.0
grafo2723.18.gml,4.0,3.0,1.0,True,0.85,591.0
grafo7807.76.gml,14.0,6.0,8.0,False,1.38,599.0
grafo8363.69.gml,14.0,5.0,9.0,False,1.45,599.0
grafo10859.97.gml,29.0,9.0,20.0,False,2.49,599.0
grafo3957.57.gml,15.0,7.0,8.0,False,1.44,599.0
grafo6599.36.gml,10.0,7.0,3.0,False,1.05,599.0
grafo6727.38.gml,5.0,2.0,3.0,False,0.99,599.0
grafo7012.42.gml,12.0,5.0,7.0,False,1.21,599.0
grafo5582.38.gml,12.0,7.0,5.0,False,1.33,599.0
grafo3453.56.gml,9.0,5.0,4.0,False,1.21,599.0
grafo10778.100.gml,14.0,7.0,7.0,False,1.76,599.0
grafo6967.69.gml,10.0,4.0,6.0,False,1.35,599.0
grafo11663.38.gml,7.0,2.0,5.0,False,1.11,599.0
grafo7666.42.gml,11.0,6.0,5.0,False,1.31,599.0
grafo9868.37.gml,8.0,5.0,3.0,False,1.08,599.0
grafo9057.64.gml,12.0,6.0,6.0,False,1.38,599.0
grafo8158.81.gml,23.0,9.0,14.0,False,1.96,599.0
grafo5154.39.gml,7.0,2.0,5.0,False,1.2,599.0
grafo5533.47.gml,14.0,8.0,6.0,False,1.21,599.0
grafo2041.28.gml,6.0,4.0,2.0,False,0.96,599.0
grafo7113.57.gml,11.0,5.0,6.0,False,1.34,599.0
grafo4886.60.gml,6.0,3.0,3.0,False,1.08,599.0
grafo9425.78.gml,8.0,3.0,5.0,False,1.43,599.0
grafo5080.79.gml,15.0,5.0,10.0,False,1.65,599.0
grafo3832.52.gml,8.0,4.0,4.0,False,1.24,599.0
grafo6931.38.gml,5.0,3.0,2.0,False,1.03,599.0
grafo9718.76.gml,9.0,4.0,5.0,False,1.32,599.0
grafo6243.37.gml,13.0,8.0,5.0,False,1.22,599.0
grafo8092.84.gml,14.0,5.0,9.0,False,1.63,599.0
grafo4783.80.gml,11.0,5.0,6.0,False,1.49,599.0
grafo1986.27.gml,4.0,3.0,1.0,True,0.51,345.0
grafo3485.38.gml,4.0,2.0,2.0,False,0.88,599.0
grafo3655.39.gml,3.0,1.0,2.0,False,0.99,599.0
grafo10002.40.gml,,,,,,
grafo8492.86.gml,9.0,3.0,6.0,False,1.71,599.0
grafo5921.38.gml,8.0,5.0,3.0,False,1.08,599.0
grafo4581.67.gml,11.0,3.0,8.0,False,1.23,599.0
grafo3628.52.gml,12.0,3.0,9.0,False,1.44,599.0
grafo6136.53.gml,13.0,4.0,9.0,False,1.48,599.0
grafo6566.57.gml,10.0,4.0,6.0,False,1.34,599.0
grafo1238.67.gml,6.0,3.0,3.0,False,1.38,599.0
grafo9070.67.gml,16.0,3.0,13.0,False,1.58,599.0
grafo7781.93.gml,17.0,6.0,11.0,False,1.58,599.0
grafo7128.48.gml,7.0,3.0,4.0,False,1.08,599.0
grafo4354.76.gml,16.0,6.0,10.0,False,1.64,599.0
grafo7023.45.gml,6.0,4.0,2.0,False,1.01,599.0
grafo4704.60.gml,25.0,10.0,15.0,False,1.84,599.0
grafo1516.71.gml,15.0,3.0,12.0,False,1.74,599.0
grafo11153.99.gml,19.0,6.0,13.0,False,1.99,599.0
grafo5984.42.gml,5.0,2.0,3.0,False,0.97,599.0
grafo3572.53.gml,11.0,2.0,9.0,False,1.52,599.0
grafo7309.41.gml,14.0,9.0,5.0,False,1.21,599.0
grafo4551.61.gml,7.0,4.0,3.0,False,1.23,599.0
grafo3867.59.gml,10.0,5.0,5.0,False,1.32,599.0
grafo4602.51.gml,7.0,4.0,3.0,False,1.14,599.0
grafo9390.63.gml,23.0,13.0,10.0,False,1.71,599.0
grafo3707.43.gml,4.0,2.0,2.0,False,0.99,599.0
grafo5491.74.gml,7.0,2.0,5.0,False,1.51,599.0
grafo3619.33.gml,5.0,1.0,4.0,False,1.0,599.0
grafo9047.80.gml,18.0,3.0,15.0,False,1.7,599.0
grafo7520.45.gml,5.0,2.0,3.0,False,0.97,599.0
grafo11132.95.gml,24.0,8.0,16.0,False,2.04,599.0
grafo8612.84.gml,23.0,7.0,16.0,False,1.92,599.0
grafo9468.79.gml,22.0,3.0,19.0,False,1.98,599.0
grafo3750.53.gml,8.0,5.0,3.0,False,1.11,599.0
grafo6635.56.gml,9.0,5.0,4.0,False,1.27,599.0
grafo3911.34.gml,7.0,6.0,1.0,True,0.66,398.0
grafo9217.88.gml,19.0,6.0,13.0,False,2.03,599.0
grafo7017.45.gml,15.0,9.0,6.0,False,1.32,599.0
grafo10646.100.gml,27.0,1.0,26.0,False,2.61,599.0
grafo4797.75.gml,9.0,1.0,8.0,False,1.67,599.0
grafo4228.58.gml,20.0,11.0,9.0,False,1.56,599.0
grafo1588.58.gml,7.0,4.0,3.0,False,0.99,599.0
grafo7070.59.gml,15.0,7.0,8.0,False,1.46,599.0
grafo7678.52.gml,5.0,4.0,1.0,True,0.8,551.0
grafo7724.54.gml,9.0,6.0,3.0,False,1.2,599.0
grafo7517.38.gml,6.0,4.0,2.0,False,1.02,599.0
grafo7215.44.gml,9.0,6.0,3.0,False,1.02,599.0
