graph_id,initial_algorithm,initial_crossings,final_best_crossings,improvement,num_nodes,num_edges
test_0,spectral,3,3,0,41,50
test_1,spring,0,0,0,10,10
test_2,spectral,39,37,2,100,124
test_3,kamada_kawai,5,4,1,11,18
test_4,spring,33,28,5,47,64
test_5,spectral,84,79,5,78,116
test_6,kamada_kawai,3,2,1,32,40
test_7,spring,0,0,0,12,13
test_8,spectral,66,61,5,89,121
test_9,kamada_kawai,0,0,0,21,22
test_10,spectral,92,92,0,97,135
test_11,kamada_kawai,62,53,9,95,120
test_12,spectral,30,28,2,88,107
test_13,kamada_kawai,13,13,0,48,63
test_14,spring,0,0,0,14,14
test_15,spectral,10,8,2,54,66
test_16,kamada_kawai,15,13,2,49,62
test_17,kamada_kawai,4,3,1,42,50
test_18,spectral,5,4,1,27,35
test_19,kamada_kawai,28,24,4,80,98
test_20,spring,1,1,0,31,36
test_21,spectral,6,6,0,62,72
test_22,spring,1,1,0,14,19
test_23,kamada_kawai,86,86,0,83,115
test_24,spectral,74,67,7,78,111
test_25,kamada_kawai,10,6,4,40,53
test_26,spectral,72,67,5,91,124
test_27,spring,2,0,2,32,35
test_28,spring,5,4,1,38,48
test_29,kamada_kawai,67,57,10,71,105
test_30,kamada_kawai,9,6,3,40,48
test_31,kamada_kawai,9,5,4,35,49
test_32,spring,0,0,0,11,11
test_33,spectral,54,53,1,84,113
test_34,kamada_kawai,11,10,1,36,49
test_35,spring,0,0,0,10,10
test_36,kamada_kawai,20,17,3,60,73
test_37,spectral,70,68,2,77,112
test_38,spectral,10,8,2,42,54
test_39,spectral,73,70,3,64,101
test_40,kamada_kawai,2,0,2,13,19
test_41,spectral,33,30,3,67,90
test_42,kamada_kawai,32,31,1,53,77
test_43,spring,0,0,0,15,16
test_44,spectral,40,40,0,79,101
test_45,kamada_kawai,36,30,6,56,76
test_46,spectral,31,27,4,100,129
test_47,spectral,0,0,0,13,18
test_48,spectral,103,99,4,100,141
test_49,spectral,19,16,3,42,61
test_50,spectral,101,87,14,84,121
test_51,spectral,67,65,2,85,120
test_52,kamada_kawai,34,27,7,60,83
test_53,kamada_kawai,24,21,3,38,58
test_54,kamada_kawai,0,0,0,11,12
test_55,kamada_kawai,50,46,4,85,112
test_56,spectral,9,8,1,40,54
test_57,kamada_kawai,11,9,2,36,46
test_58,spectral,70,68,2,77,113
test_59,kamada_kawai,5,4,1,59,71
test_60,spring,8,4,4,38,51
test_61,spectral,65,62,3,81,113
test_62,kamada_kawai,35,24,11,50,70
test_63,kamada_kawai,0,0,0,34,36
test_64,spectral,4,3,1,56,62
test_65,kamada_kawai,9,7,2,35,45
test_66,kamada_kawai,4,4,0,28,36
test_67,kamada_kawai,24,22,2,39,58
test_68,spectral,22,20,2,64,87
test_69,spectral,13,9,4,37,50
test_70,spectral,5,5,0,39,48
test_71,kamada_kawai,4,2,2,41,49
test_72,kamada_kawai,7,5,2,47,55
test_73,spectral,38,33,5,57,80
test_74,spectral,58,47,11,76,103
test_75,spectral,14,12,2,43,59
test_76,kamada_kawai,43,38,5,59,83
test_77,kamada_kawai,0,0,0,28,29
test_78,spectral,12,11,1,43,55
test_79,spring,1,0,1,12,13
test_80,kamada_kawai,52,46,6,70,96
test_81,kamada_kawai,73,63,10,83,114
test_82,kamada_kawai,6,5,1,41,50
test_83,kamada_kawai,7,4,3,68,77
test_84,kamada_kawai,58,51,7,65,91
test_85,spectral,63,56,7,81,106
test_86,spring,0,0,0,11,11
test_87,spectral,8,7,1,41,58
test_88,spectral,2,2,0,33,42
test_89,spectral,55,50,5,86,113
test_90,spectral,39,34,5,59,84
test_91,kamada_kawai,12,8,4,94,107
test_92,kamada_kawai,3,2,1,35,41
test_93,spectral,0,0,0,14,15
test_94,spectral,22,17,5,78,96
test_95,kamada_kawai,5,5,0,27,38
test_96,spring,25,23,2,36,52
test_97,spectral,44,42,2,66,92
test_98,kamada_kawai,76,59,17,76,110
test_99,kamada_kawai,24,20,4,92,111
test_100,spectral,0,0,0,15,17
test_101,spectral,12,11,1,39,51
test_102,kamada_kawai,43,33,10,94,122
test_103,spring,2,1,1,18,24
test_104,spring,2,1,1,16,19
test_105,kamada_kawai,19,18,1,60,79
test_106,spectral,5,5,0,37,47
test_107,spring,0,0,0,13,14
test_108,spectral,14,13,1,49,64
test_109,kamada_kawai,20,17,3,66,86
test_110,spectral,14,10,4,64,82
test_111,kamada_kawai,6,4,2,37,46
test_112,spectral,10,10,0,57,79
test_113,kamada_kawai,87,73,14,99,132
test_114,spectral,2,2,0,44,51
test_115,kamada_kawai,9,5,4,36,49
test_116,kamada_kawai,106,97,9,90,131
test_117,spectral,23,22,1,50,68
test_118,kamada_kawai,52,49,3,63,90
test_119,spectral,82,80,2,100,138
test_120,spectral,45,43,2,65,93
test_121,spectral,23,20,3,55,72
test_122,spectral,96,89,7,83,119
test_123,kamada_kawai,68,55,13,67,100
test_124,kamada_kawai,3,3,0,43,52
test_125,spring,1,0,1,17,21
test_126,kamada_kawai,21,19,2,55,73
test_127,kamada_kawai,54,45,9,76,102
test_128,kamada_kawai,17,15,2,43,63
test_129,kamada_kawai,3,2,1,20,26
test_130,spectral,86,80,6,62,100
test_131,kamada_kawai,50,43,7,78,107
test_132,spectral,8,7,1,60,73
test_133,spectral,69,62,7,91,120
test_134,spectral,7,6,1,49,59
test_135,kamada_kawai,2,2,0,13,19
test_136,kamada_kawai,14,13,1,45,58
test_137,kamada_kawai,6,6,0,37,49
test_138,spectral,25,20,5,46,66
test_139,kamada_kawai,115,101,14,100,138
test_140,spring,0,0,0,22,22
test_141,kamada_kawai,0,0,0,18,18
test_142,spring,0,0,0,12,11
test_143,spring,0,0,0,10,9
test_144,spectral,18,15,3,42,58
test_145,spectral,6,6,0,40,50
test_146,spectral,30,27,3,41,62
test_147,kamada_kawai,16,15,1,40,58
test_148,spring,0,0,0,14,16
test_149,kamada_kawai,43,32,11,74,95
test_150,kamada_kawai,9,5,4,71,84
test_151,kamada_kawai,39,32,7,59,80
test_152,spectral,25,25,0,56,77
test_153,kamada_kawai,60,52,8,75,101
test_154,spring,1,0,1,11,13
test_155,spectral,7,5,2,32,45
test_156,spectral,6,5,1,57,68
test_157,kamada_kawai,16,13,3,58,75
test_158,kamada_kawai,1,1,0,37,44
test_159,spectral,20,19,1,45,62
test_160,kamada_kawai,12,7,5,37,50
test_161,spectral,10,7,3,42,51
test_162,kamada_kawai,87,73,14,87,121
test_163,kamada_kawai,84,83,1,68,103
test_164,kamada_kawai,29,25,4,68,90
test_165,spring,35,30,5,55,76
test_166,spring,1,0,1,15,21
test_167,kamada_kawai,41,34,7,77,99
test_168,spectral,46,41,5,65,94
test_169,spectral,82,77,5,93,127
test_170,kamada_kawai,27,20,7,42,63
test_171,kamada_kawai,43,35,8,96,123
test_172,kamada_kawai,76,70,6,85,120
test_173,spectral,13,11,2,37,50
test_174,kamada_kawai,16,13,3,65,78
test_175,spectral,4,3,1,62,73
test_176,spectral,1,1,0,31,34
test_177,kamada_kawai,5,3,2,45,54
test_178,kamada_kawai,3,2,1,35,44
test_179,spectral,56,55,1,96,130
test_180,spectral,26,25,1,60,83
test_181,spectral,30,28,2,72,99
test_182,kamada_kawai,21,20,1,59,80
test_183,spectral,11,9,2,43,57
test_184,kamada_kawai,185,174,11,99,147
test_185,kamada_kawai,106,98,8,94,130
test_186,spectral,134,123,11,99,142
test_187,spring,2,1,1,15,22
test_188,spectral,28,26,2,74,95
test_189,spring,3,0,3,34,39
test_190,spectral,45,43,2,64,89
test_191,kamada_kawai,10,7,3,42,55
test_192,spectral,2,0,2,39,45
test_193,spectral,8,5,3,37,47
test_194,spectral,46,41,5,96,125
test_195,spectral,14,12,2,37,48
test_196,spectral,6,6,0,46,55
test_197,kamada_kawai,4,3,1,42,50
test_198,spectral,7,4,3,37,46
test_199,spectral,10,6,4,56,68
test_200,kamada_kawai,22,21,1,39,57
test_201,spectral,2,0,2,21,26
test_202,spring,0,0,0,15,16
test_203,spectral,53,51,2,78,105
test_204,spectral,20,20,0,64,82
test_205,spring,2,2,0,31,33
test_206,spectral,23,23,0,56,76
test_207,kamada_kawai,4,4,0,34,39
test_208,kamada_kawai,4,2,2,36,44
test_209,kamada_kawai,31,26,5,44,63
test_210,kamada_kawai,2,1,1,33,38
test_211,kamada_kawai,5,5,0,37,45
test_212,kamada_kawai,3,2,1,28,32
test_213,spectral,18,17,1,69,87
test_214,spectral,30,30,0,58,77
test_215,spring,19,15,4,39,51
test_216,spring,1,0,1,16,17
test_217,spectral,12,11,1,49,63
test_218,kamada_kawai,1,1,0,24,30
test_219,kamada_kawai,53,45,8,78,102
test_220,spectral,6,5,1,36,46
test_221,kamada_kawai,44,37,7,90,114
test_222,kamada_kawai,23,21,2,39,56
test_223,spectral,87,82,5,91,131
test_224,spectral,31,23,8,49,66
test_225,spectral,85,78,7,91,129
test_226,kamada_kawai,35,29,6,63,85
test_227,kamada_kawai,41,38,3,62,88
test_228,spectral,9,7,2,50,61
test_229,spring,11,10,1,25,37
test_230,spectral,2,1,1,35,42
test_231,kamada_kawai,5,4,1,40,48
test_232,kamada_kawai,2,0,2,55,59
test_233,spectral,19,19,0,62,77
test_234,spectral,22,20,2,43,55
test_235,spring,8,4,4,47,59
test_236,spectral,13,11,2,42,54
test_237,spectral,124,115,9,97,138
test_238,spectral,119,113,6,95,137
test_239,kamada_kawai,57,41,16,74,99
test_240,kamada_kawai,7,7,0,39,47
test_241,spectral,58,53,5,66,96
test_242,spring,168,155,13,94,137
test_243,spectral,15,11,4,58,70
test_244,spectral,88,86,2,89,124
test_245,kamada_kawai,10,8,2,40,49
test_246,spectral,58,58,0,67,94
test_247,spring,18,16,2,44,58
test_248,spectral,4,3,1,37,46
test_249,kamada_kawai,117,102,15,76,115
test_250,kamada_kawai,57,50,7,85,110
test_251,spring,0,0,0,11,11
test_252,kamada_kawai,11,10,1,44,55
test_253,spectral,81,75,6,83,122
test_254,kamada_kawai,44,34,10,87,111
test_255,kamada_kawai,35,30,5,68,92
test_256,kamada_kawai,0,0,0,15,19
test_257,spectral,142,133,9,91,138
test_258,spectral,56,55,1,77,106
test_259,spectral,25,24,1,66,84
test_260,kamada_kawai,0,0,0,15,15
test_261,spring,0,0,0,16,16
test_262,spectral,0,0,0,12,14
test_263,kamada_kawai,35,27,8,85,108
test_264,spectral,34,27,7,83,109
test_265,spectral,31,31,0,49,72
test_266,kamada_kawai,24,18,6,73,94
test_267,kamada_kawai,0,0,0,23,24
test_268,kamada_kawai,38,34,4,58,79
test_269,kamada_kawai,29,25,4,73,95
test_270,kamada_kawai,1,0,1,15,22
test_271,kamada_kawai,7,6,1,44,56
test_272,spectral,5,0,5,16,22
test_273,spring,13,11,2,35,47
test_274,kamada_kawai,15,13,2,38,54
test_275,kamada_kawai,49,46,3,62,89
test_276,spring,1,0,1,17,19
test_277,spring,19,14,5,55,68
test_278,spring,1,1,0,12,14
test_279,spring,0,0,0,14,13
test_280,spring,0,0,0,14,13
test_281,spring,0,0,0,11,12
test_282,spectral,14,12,2,43,55
test_283,kamada_kawai,5,5,0,28,36
test_284,kamada_kawai,9,6,3,37,45
test_285,kamada_kawai,39,34,5,70,91
test_286,kamada_kawai,24,20,4,73,89
test_287,kamada_kawai,1,1,0,51,59
test_288,kamada_kawai,3,2,1,23,29
test_289,spectral,3,1,2,37,48
test_290,kamada_kawai,21,18,3,48,62
test_291,kamada_kawai,4,2,2,53,64
test_292,spectral,48,47,1,57,85
test_293,spectral,25,25,0,74,95
test_294,spectral,11,9,2,42,53
test_295,spectral,98,92,6,94,132
test_296,spectral,8,7,1,55,69
test_297,kamada_kawai,3,2,1,26,33
test_298,kamada_kawai,108,99,9,96,138
test_299,spectral,49,43,6,79,104
test_300,spectral,5,3,2,42,56
test_301,spring,0,0,0,12,12
test_302,spectral,10,7,3,59,71
test_303,spectral,32,32,0,57,84
test_304,spectral,80,80,0,98,132
test_305,spectral,49,42,7,79,104
test_306,kamada_kawai,112,106,6,94,133
test_307,spectral,12,12,0,23,39
test_308,kamada_kawai,12,10,2,49,59
test_309,spectral,33,33,0,86,107
test_310,kamada_kawai,30,26,4,63,87
test_311,spectral,15,12,3,61,80
test_312,spectral,4,2,2,60,71
test_313,spring,13,11,2,44,58
test_314,spectral,20,16,4,65,81
test_315,spectral,138,128,10,95,135
test_316,kamada_kawai,37,30,7,46,65
test_317,kamada_kawai,0,0,0,24,26
test_318,kamada_kawai,1,1,0,29,34
test_319,spectral,11,9,2,25,36
test_320,spectral,46,45,1,66,92
test_321,spectral,104,100,4,75,113
test_322,spectral,21,20,1,45,63
test_323,spectral,15,13,2,73,97
test_324,kamada_kawai,10,9,1,52,63
test_325,spectral,18,16,2,45,58
test_326,spectral,14,11,3,51,62
test_327,kamada_kawai,31,31,0,55,76
test_328,spectral,33,32,1,86,110
test_329,kamada_kawai,40,30,10,71,95
test_330,spring,0,0,0,10,9
test_331,spectral,53,50,3,61,90
test_332,spectral,7,5,2,65,79
test_333,spring,0,0,0,35,36
test_334,kamada_kawai,8,6,2,39,49
test_335,spring,0,0,0,25,31
test_336,kamada_kawai,0,0,0,13,12
test_337,kamada_kawai,52,46,6,77,102
test_338,spectral,45,38,7,78,105
test_339,kamada_kawai,3,3,0,28,33
test_340,spring,1,1,0,14,16
test_341,spectral,91,87,4,84,120
test_342,kamada_kawai,10,6,4,35,47
test_343,spring,10,7,3,44,52
test_344,kamada_kawai,12,9,3,39,55
test_345,kamada_kawai,3,2,1,40,50
test_346,kamada_kawai,23,17,6,46,65
test_347,spectral,1,1,0,29,34
test_348,spectral,32,27,5,63,88
test_349,kamada_kawai,15,13,2,35,53
test_350,spectral,9,6,3,40,56
test_351,spectral,27,23,4,39,58
test_352,spring,0,0,0,12,14
test_353,spectral,77,73,4,94,132
test_354,spectral,24,24,0,73,94
test_355,kamada_kawai,41,40,1,53,80
test_356,spectral,39,32,7,52,71
test_357,kamada_kawai,3,2,1,58,71
test_358,kamada_kawai,37,32,5,56,81
test_359,spectral,29,26,3,79,100
test_360,spring,0,0,0,37,42
test_361,spectral,5,2,3,37,48
test_362,spectral,10,10,0,61,73
test_363,kamada_kawai,55,49,6,93,119
test_364,spring,16,14,2,36,52
test_365,kamada_kawai,17,13,4,55,73
test_366,kamada_kawai,20,17,3,66,84
test_367,spectral,24,21,3,41,61
test_368,kamada_kawai,2,2,0,31,40
test_369,spring,0,0,0,21,22
test_370,spectral,30,27,3,84,109
test_371,kamada_kawai,43,37,6,42,61
test_372,kamada_kawai,27,23,4,58,77
test_373,kamada_kawai,30,27,3,60,80
test_374,spectral,20,19,1,58,77
test_375,spectral,96,94,2,100,138
test_376,spectral,60,53,7,73,102
test_377,kamada_kawai,138,131,7,93,133
test_378,spectral,21,19,2,71,88
test_379,spring,2,1,1,27,30
test_380,spectral,67,61,6,94,127
test_381,spectral,0,0,0,33,39
test_382,spring,1,1,0,13,15
test_383,spectral,18,16,2,63,83
test_384,spring,0,0,0,33,41
test_385,kamada_kawai,22,20,2,66,84
test_386,spring,118,113,5,95,135
test_387,kamada_kawai,1,1,0,30,39
test_388,kamada_kawai,10,6,4,45,52
test_389,spectral,76,72,4,81,115
test_390,spectral,80,74,6,88,121
test_391,kamada_kawai,10,10,0,34,45
test_392,spring,0,0,0,10,10
test_393,kamada_kawai,1,1,0,38,44
test_394,kamada_kawai,0,0,0,10,15
test_395,kamada_kawai,3,1,2,38,45
test_396,spectral,29,27,2,83,108
test_397,spectral,22,17,5,43,61
test_398,spring,3,3,0,40,44
test_399,spectral,3,3,0,53,63
test_400,spectral,9,6,3,38,47
test_401,spectral,7,5,2,72,87
test_402,spectral,37,33,4,75,101
test_403,kamada_kawai,6,5,1,35,43
test_404,spectral,5,5,0,41,54
test_405,spring,1,1,0,22,25
test_406,spectral,24,20,4,73,92
test_407,spectral,70,64,6,89,118
test_408,spring,0,0,0,15,16
test_409,spectral,11,10,1,36,47
test_410,kamada_kawai,7,5,2,42,52
test_411,spectral,10,10,0,38,53
test_412,spring,97,86,11,88,122
test_413,kamada_kawai,5,4,1,43,48
test_414,kamada_kawai,2,2,0,40,44
test_415,spring,0,0,0,20,23
test_416,kamada_kawai,28,24,4,61,80
test_417,spring,22,19,3,47,64
test_418,spectral,23,22,1,41,57
test_419,spectral,4,3,1,38,48
test_420,spectral,104,101,3,75,109
test_421,spectral,44,42,2,65,91
test_422,kamada_kawai,0,0,0,28,30
test_423,kamada_kawai,0,0,0,19,22
test_424,kamada_kawai,8,7,1,54,69
test_425,spectral,30,27,3,92,120
test_426,spectral,13,11,2,62,79
test_427,kamada_kawai,9,4,5,40,54
test_428,spectral,7,7,0,27,37
test_429,spectral,19,18,1,93,110
test_430,kamada_kawai,4,4,0,40,50
test_431,spring,15,12,3,45,58
test_432,spectral,37,33,4,42,62
test_433,kamada_kawai,24,22,2,44,62
test_434,spectral,36,35,1,74,96
test_435,kamada_kawai,43,41,2,51,75
test_436,kamada_kawai,87,75,12,61,90
test_437,kamada_kawai,144,132,12,95,137
test_438,spectral,2,2,0,18,24
test_439,spectral,109,101,8,99,137
test_440,spring,0,0,0,34,38
test_441,kamada_kawai,1,1,0,42,47
test_442,kamada_kawai,1,0,1,17,22
test_443,kamada_kawai,2,1,1,37,42
test_444,spectral,108,100,8,96,137
test_445,spectral,19,17,2,65,84
test_446,spring,20,16,4,38,55
test_447,spectral,115,106,9,99,139
test_448,spring,1,1,0,17,22
test_449,spectral,53,51,2,60,88
test_450,spectral,60,60,0,97,127
test_451,spectral,1,1,0,39,44
test_452,kamada_kawai,77,65,12,89,124
test_453,kamada_kawai,105,79,26,98,132
test_454,kamada_kawai,11,11,0,48,62
test_455,kamada_kawai,28,24,4,60,83
test_456,kamada_kawai,0,0,0,18,19
test_457,spring,14,13,1,35,47
test_458,spring,1,0,1,23,27
test_459,spectral,38,38,0,64,90
test_460,kamada_kawai,53,46,7,93,123
test_461,kamada_kawai,14,12,2,60,74
test_462,spectral,173,168,5,92,135
test_463,spectral,12,11,1,42,56
test_464,spectral,8,8,0,53,68
test_465,kamada_kawai,23,16,7,40,56
test_466,spring,0,0,0,11,11
test_467,spring,0,0,0,12,11
test_468,spectral,15,14,1,39,51
test_469,spectral,29,26,3,91,114
test_470,spectral,30,26,4,40,59
test_471,spectral,40,37,3,76,96
test_472,spectral,109,100,9,100,138
test_473,kamada_kawai,56,54,2,45,73
test_474,kamada_kawai,23,18,5,43,63
test_475,spectral,112,106,6,100,145
test_476,spectral,45,40,5,78,104
test_477,kamada_kawai,39,29,10,43,67
test_478,kamada_kawai,92,80,12,82,120
test_479,spring,1,0,1,19,24
test_480,kamada_kawai,12,10,2,45,58
test_481,kamada_kawai,100,88,12,99,134
test_482,kamada_kawai,0,0,0,11,11
test_483,spectral,12,12,0,61,73
test_484,kamada_kawai,1,0,1,31,36
test_485,spring,0,0,0,12,13
test_486,spectral,8,6,2,43,61
test_487,spring,2,0,2,26,29
test_488,kamada_kawai,20,17,3,35,47
test_489,spectral,49,45,4,77,105
test_490,spectral,35,27,8,78,95
test_491,spectral,43,39,4,100,126
test_492,spectral,41,35,6,73,92
test_493,spectral,29,27,2,46,64
test_494,kamada_kawai,53,45,8,73,101
test_495,kamada_kawai,115,99,16,95,135
test_496,spectral,18,18,0,62,81
test_497,spectral,67,62,5,75,107
test_498,kamada_kawai,17,15,2,36,53
test_499,spectral,18,18,0,96,112
test_500,spectral,0,0,0,21,27
test_501,spring,15,11,4,38,53
test_502,spring,0,0,0,11,10
test_503,spectral,13,13,0,66,84
test_504,spring,9,7,2,39,52
test_505,kamada_kawai,1,1,0,34,39
test_506,kamada_kawai,15,14,1,44,58
test_507,spectral,3,1,2,46,56
test_508,spring,0,0,0,14,14
test_509,kamada_kawai,7,7,0,24,36
test_510,kamada_kawai,45,39,6,67,90
test_511,spectral,137,128,9,95,140
test_512,kamada_kawai,76,60,16,93,130
test_513,spectral,23,23,0,41,57
test_514,kamada_kawai,8,8,0,40,49
test_515,kamada_kawai,3,1,2,45,50
test_516,kamada_kawai,2,2,0,43,52
test_517,spectral,14,10,4,48,58
test_518,kamada_kawai,91,85,6,77,109
test_519,spectral,97,95,2,98,134
test_520,spectral,7,5,2,47,58
test_521,spring,0,0,0,17,17
test_522,kamada_kawai,21,16,5,53,70
test_523,spring,11,11,0,35,48
test_524,spectral,32,29,3,62,88
test_525,kamada_kawai,90,77,13,95,126
test_526,spectral,0,0,0,24,28
test_527,kamada_kawai,48,41,7,79,107
test_528,kamada_kawai,98,95,3,92,132
test_529,spectral,2,1,1,36,43
test_530,spectral,17,15,2,40,56
test_531,spectral,56,50,6,70,97
test_532,spectral,7,5,2,39,51
test_533,spectral,42,41,1,74,96
test_534,kamada_kawai,125,116,9,97,139
test_535,spectral,29,26,3,94,116
test_536,kamada_kawai,14,10,4,38,53
test_537,spectral,23,21,2,57,76
test_538,spectral,3,3,0,45,51
test_539,spring,0,0,0,15,17
test_540,kamada_kawai,2,1,1,38,43
test_541,spring,65,54,11,51,81
test_542,kamada_kawai,30,28,2,78,100
test_543,kamada_kawai,12,7,5,43,54
test_544,kamada_kawai,25,24,1,40,55
test_545,spring,53,48,5,46,71
test_546,kamada_kawai,0,0,0,16,18
test_547,kamada_kawai,8,8,0,40,50
test_548,kamada_kawai,15,13,2,39,52
test_549,kamada_kawai,5,3,2,55,66
test_550,spectral,48,43,5,52,81
test_551,kamada_kawai,4,4,0,68,79
test_552,spectral,4,2,2,56,64
test_553,kamada_kawai,72,62,10,79,110
test_554,spectral,8,5,3,38,53
test_555,spring,0,0,0,19,18
test_556,kamada_kawai,10,10,0,33,44
test_557,spectral,18,17,1,64,85
test_558,kamada_kawai,1,1,0,34,38
test_559,kamada_kawai,13,10,3,39,49
test_560,spring,24,18,6,45,61
test_561,kamada_kawai,6,6,0,45,53
test_562,kamada_kawai,16,13,3,47,62
test_563,spectral,9,9,0,36,47
test_564,kamada_kawai,41,34,7,65,90
test_565,spectral,43,41,2,77,103
test_566,spectral,2,2,0,41,49
test_567,kamada_kawai,68,56,12,71,96
test_568,kamada_kawai,41,31,10,58,79
test_569,spring,0,0,0,10,11
test_570,spectral,43,30,13,60,83
test_571,kamada_kawai,0,0,0,14,16
test_572,spring,0,0,0,20,23
test_573,kamada_kawai,27,25,2,43,66
test_574,spectral,1,0,1,40,49
test_575,spectral,1,1,0,43,51
test_576,kamada_kawai,5,2,3,36,46
test_577,kamada_kawai,7,6,1,36,48
test_578,spectral,4,2,2,24,34
test_579,spectral,57,51,6,83,115
test_580,spectral,1,1,0,43,52
test_581,spectral,59,52,7,66,95
test_582,kamada_kawai,3,3,0,39,44
test_583,kamada_kawai,23,15,8,41,58
test_584,spring,0,0,0,16,17
test_585,spectral,0,0,0,16,18
test_586,spectral,6,5,1,33,42
test_587,spectral,26,22,4,72,88
test_588,kamada_kawai,92,69,23,69,100
test_589,kamada_kawai,0,0,0,24,24
test_590,spectral,21,20,1,60,77
test_591,kamada_kawai,77,62,15,93,129
test_592,kamada_kawai,21,19,2,60,78
test_593,spectral,8,6,2,37,49
test_594,kamada_kawai,81,70,11,75,106
test_595,spectral,8,7,1,35,46
test_596,kamada_kawai,9,7,2,38,50
test_597,spectral,15,11,4,38,50
test_598,spring,3,2,1,23,31
test_599,kamada_kawai,24,19,5,67,84
test_600,kamada_kawai,25,22,3,39,57
test_601,spring,0,0,0,13,12
test_602,kamada_kawai,14,13,1,50,66
test_603,kamada_kawai,22,18,4,64,83
test_604,spectral,0,0,0,17,22
test_605,kamada_kawai,2,0,2,25,28
test_606,kamada_kawai,20,19,1,43,62
test_607,spring,38,36,2,53,75
test_608,kamada_kawai,17,17,0,41,55
test_609,spectral,22,22,0,77,97
test_610,spectral,12,11,1,39,56
test_611,spring,0,0,0,45,50
test_612,kamada_kawai,0,0,0,34,35
test_613,spectral,0,0,0,14,18
test_614,kamada_kawai,4,2,2,49,59
test_615,kamada_kawai,85,71,14,75,105
test_616,spectral,7,5,2,67,80
test_617,spectral,68,64,4,79,109
test_618,spectral,73,70,3,91,123
test_619,spectral,0,0,0,35,39
test_620,kamada_kawai,15,9,6,71,86
test_621,spectral,18,13,5,60,77
test_622,kamada_kawai,14,13,1,41,57
test_623,spectral,9,6,3,38,52
test_624,spectral,54,54,0,60,88
test_625,spectral,22,21,1,56,76
test_626,kamada_kawai,58,51,7,61,90
test_627,spring,0,0,0,10,10
test_628,spectral,18,12,6,74,88
test_629,kamada_kawai,1,0,1,26,31
test_630,kamada_kawai,18,15,3,39,51
test_631,kamada_kawai,13,10,3,40,58
test_632,spectral,5,3,2,45,53
test_633,kamada_kawai,30,26,4,71,92
test_634,kamada_kawai,57,52,5,95,129
test_635,spectral,65,63,2,57,86
test_636,spectral,53,48,5,94,126
test_637,spectral,52,44,8,68,95
test_638,kamada_kawai,120,109,11,98,137
test_639,spectral,59,56,3,81,115
test_640,spectral,85,84,1,78,109
test_641,spring,3,3,0,34,41
test_642,spectral,12,10,2,43,58
test_643,spectral,42,40,2,84,108
test_644,spring,0,0,0,13,12
test_645,kamada_kawai,107,102,5,78,117
test_646,spectral,2,2,0,22,27
test_647,spectral,21,17,4,69,87
test_648,kamada_kawai,4,2,2,45,53
test_649,spectral,36,31,5,76,99
test_650,kamada_kawai,68,50,18,79,111
test_651,kamada_kawai,36,31,5,57,80
test_652,kamada_kawai,93,81,12,98,130
test_653,kamada_kawai,0,0,0,25,26
test_654,kamada_kawai,21,18,3,42,59
test_655,kamada_kawai,98,78,20,99,133
test_656,spectral,96,87,9,83,114
test_657,spectral,0,0,0,37,43
test_658,spring,60,49,11,67,92
test_659,spectral,88,88,0,95,131
test_660,spring,1,1,0,31,35
test_661,kamada_kawai,42,34,8,83,103
test_662,spring,85,81,4,61,92
test_663,spectral,14,11,3,57,71
test_664,spring,0,0,0,16,17
test_665,spring,42,39,3,80,105
test_666,spring,5,3,2,40,48
test_667,kamada_kawai,84,69,15,88,123
test_668,spring,25,23,2,40,57
test_669,spring,24,22,2,69,85
test_670,spring,0,0,0,14,20
test_671,spectral,36,31,5,60,83
test_672,spring,7,5,2,16,23
test_673,spectral,69,65,4,89,116
test_674,kamada_kawai,58,54,4,90,116
test_675,spectral,91,84,7,100,138
test_676,kamada_kawai,5,5,0,38,47
test_677,kamada_kawai,35,30,5,62,79
test_678,spectral,157,153,4,93,138
test_679,spring,0,0,0,16,17
test_680,spectral,11,9,2,46,62
test_681,kamada_kawai,52,50,2,52,79
test_682,spectral,39,35,4,67,90
test_683,spectral,94,83,11,98,135
test_684,kamada_kawai,25,24,1,55,79
test_685,kamada_kawai,6,6,0,52,65
test_686,spring,0,0,0,17,18
test_687,kamada_kawai,55,50,5,78,106
test_688,kamada_kawai,39,32,7,61,81
test_689,spectral,2,2,0,35,41
test_690,kamada_kawai,43,38,5,80,108
test_691,spectral,5,4,1,38,46
test_692,kamada_kawai,0,0,0,24,28
test_693,spring,2,1,1,32,35
test_694,spring,2,2,0,16,21
test_695,kamada_kawai,42,36,6,64,86
test_696,spectral,5,5,0,56,65
test_697,kamada_kawai,85,70,15,80,113
test_698,kamada_kawai,9,7,2,40,53
test_699,spectral,74,68,6,83,116
test_700,kamada_kawai,24,24,0,74,94
test_701,spectral,7,5,2,47,57
test_702,spring,12,11,1,41,54
test_703,spectral,4,0,4,11,17
test_704,kamada_kawai,46,44,2,98,122
test_705,spectral,76,69,7,89,123
test_706,spectral,101,94,7,98,140
test_707,kamada_kawai,0,0,0,34,34
test_708,spectral,7,7,0,27,37
test_709,kamada_kawai,3,3,0,35,42
test_710,spring,0,0,0,17,17
test_711,spectral,8,6,2,39,54
test_712,kamada_kawai,0,0,0,17,22
test_713,spectral,10,10,0,26,38
test_714,spectral,9,9,0,58,70
test_715,spectral,11,10,1,55,74
test_716,kamada_kawai,3,3,0,21,25
test_717,kamada_kawai,7,6,1,36,49
test_718,kamada_kawai,17,13,4,57,70
test_719,kamada_kawai,0,0,0,25,28
test_720,spectral,73,73,0,86,120
test_721,kamada_kawai,83,77,6,92,121
test_722,spring,1,0,1,14,19
test_723,kamada_kawai,13,11,2,57,76
test_724,spring,3,2,1,21,31
test_725,spectral,23,21,2,60,79
test_726,spring,16,15,1,35,50
test_727,spectral,23,21,2,60,79
test_728,spectral,90,77,13,93,128
test_729,kamada_kawai,19,16,3,41,57
test_730,kamada_kawai,78,76,2,80,113
test_731,kamada_kawai,131,116,15,82,124
test_732,kamada_kawai,65,58,7,62,88
test_733,spectral,71,66,5,64,93
test_734,spring,33,32,1,36,56
test_735,kamada_kawai,2,2,0,33,40
test_736,kamada_kawai,2,1,1,18,23
test_737,kamada_kawai,30,25,5,63,86
test_738,spring,1,1,0,13,17
test_739,kamada_kawai,0,0,0,30,33
test_740,spectral,15,15,0,51,66
test_741,spectral,47,47,0,98,127
test_742,kamada_kawai,0,0,0,16,15
test_743,kamada_kawai,0,0,0,25,31
test_744,kamada_kawai,26,20,6,41,57
test_745,spectral,0,0,0,46,50
test_746,kamada_kawai,7,6,1,35,43
test_747,spectral,35,34,1,72,100
test_748,spectral,10,10,0,48,67
test_749,spectral,41,41,0,77,98
test_750,spectral,44,38,6,67,94
test_751,kamada_kawai,6,4,2,41,49
test_752,kamada_kawai,91,78,13,92,126
test_753,kamada_kawai,2,2,0,36,48
test_754,kamada_kawai,0,0,0,33,36
test_755,spectral,76,64,12,99,131
test_756,kamada_kawai,5,5,0,36,45
test_757,kamada_kawai,59,54,5,96,129
test_758,spectral,21,16,5,53,72
test_759,kamada_kawai,78,69,9,85,116
test_760,spectral,1,1,0,43,50
test_761,spectral,44,42,2,89,119
test_762,kamada_kawai,33,29,4,44,64
test_763,spring,0,0,0,15,16
test_764,kamada_kawai,14,12,2,31,45
test_765,kamada_kawai,3,2,1,31,35
test_766,kamada_kawai,27,22,5,40,59
test_767,kamada_kawai,32,26,6,45,66
test_768,spectral,130,124,6,100,149
test_769,spring,7,6,1,28,38
test_770,spectral,39,37,2,79,103
test_771,kamada_kawai,10,5,5,43,52
test_772,spectral,3,1,2,40,48
test_773,spectral,5,4,1,55,66
test_774,kamada_kawai,3,2,1,16,22
test_775,kamada_kawai,0,0,0,26,27
test_776,kamada_kawai,5,3,2,48,59
test_777,spectral,33,31,2,92,117
test_778,spectral,93,88,5,97,136
test_779,kamada_kawai,80,72,8,86,121
test_780,spectral,55,54,1,78,106
test_781,kamada_kawai,0,0,0,26,26
test_782,spectral,77,70,7,98,140
test_783,kamada_kawai,19,18,1,41,56
test_784,kamada_kawai,34,28,6,60,83
test_785,spectral,19,18,1,35,53
test_786,spectral,16,15,1,70,88
test_787,spectral,37,34,3,61,85
test_788,kamada_kawai,0,0,0,30,34
test_789,spectral,108,104,4,66,105
test_790,kamada_kawai,64,48,16,61,87
test_791,kamada_kawai,2,0,2,40,42
test_792,spectral,13,12,1,41,55
test_793,spring,1,1,0,25,28
test_794,kamada_kawai,37,30,7,48,69
test_795,spectral,20,14,6,67,83
test_796,spectral,35,32,3,65,84
test_797,kamada_kawai,56,52,4,99,125
test_798,spectral,20,18,2,51,67
test_799,spring,9,7,2,46,58
test_800,spectral,10,6,4,47,59
test_801,spectral,52,52,0,72,103
test_802,spectral,49,43,6,100,129
test_803,spectral,0,0,0,33,42
test_804,kamada_kawai,73,69,4,88,122
test_805,spring,0,0,0,15,15
test_806,spectral,0,0,0,33,38
test_807,spring,6,5,1,34,42
test_808,spectral,29,29,0,73,99
test_809,spectral,77,71,6,69,103
test_810,spectral,144,129,15,94,132
test_811,spectral,58,45,13,78,108
test_812,spectral,13,10,3,64,78
test_813,spectral,1,0,1,19,23
test_814,spring,25,21,4,72,90
test_815,kamada_kawai,108,95,13,88,125
test_816,kamada_kawai,3,1,2,25,29
test_817,spring,1,1,0,13,16
test_818,kamada_kawai,15,13,2,65,78
test_819,kamada_kawai,17,13,4,57,70
test_820,kamada_kawai,1,1,0,30,34
test_821,kamada_kawai,14,9,5,96,119
test_822,spring,0,0,0,17,21
test_823,spectral,97,93,4,98,141
test_824,spectral,20,16,4,42,60
test_825,kamada_kawai,20,17,3,71,91
test_826,kamada_kawai,0,0,0,10,15
test_827,spring,0,0,0,16,18
test_828,kamada_kawai,69,62,7,96,130
test_829,spectral,19,15,4,64,80
test_830,spectral,43,39,4,62,88
test_831,spectral,13,11,2,38,49
test_832,spring,9,8,1,36,45
test_833,spectral,1,0,1,17,22
test_834,kamada_kawai,53,46,7,89,116
test_835,kamada_kawai,14,13,1,57,73
test_836,spectral,26,24,2,82,103
test_837,kamada_kawai,1,1,0,35,40
test_838,kamada_kawai,27,25,2,62,83
test_839,kamada_kawai,109,92,17,92,135
test_840,spectral,17,13,4,69,84
test_841,kamada_kawai,11,10,1,37,50
test_842,spectral,2,1,1,37,41
test_843,spectral,58,54,4,85,118
test_844,spectral,29,27,2,74,99
test_845,spring,0,0,0,27,28
test_846,kamada_kawai,41,38,3,57,80
test_847,kamada_kawai,25,22,3,66,85
test_848,spectral,45,38,7,70,97
test_849,kamada_kawai,2,2,0,34,40
test_850,kamada_kawai,0,0,0,14,15
test_851,spring,0,0,0,16,18
test_852,spring,0,0,0,11,15
test_853,spring,0,0,0,13,16
test_854,kamada_kawai,25,24,1,55,79
test_855,spectral,49,49,0,80,105
test_856,kamada_kawai,23,19,4,75,94
test_857,spring,37,34,3,63,86
test_858,spectral,39,35,4,83,110
test_859,kamada_kawai,27,18,9,65,80
test_860,spectral,25,24,1,92,117
test_861,kamada_kawai,64,57,7,100,128
test_862,spring,22,21,1,37,54
test_863,spectral,12,11,1,55,73
test_864,spectral,71,71,0,87,123
test_865,spring,0,0,0,24,23
test_866,kamada_kawai,72,65,7,56,86
test_867,spectral,15,14,1,69,86
test_868,spectral,57,55,2,72,102
test_869,spectral,51,43,8,65,94
test_870,spectral,36,27,9,97,116
test_871,spectral,24,22,2,69,93
test_872,spectral,25,23,2,57,76
test_873,kamada_kawai,77,67,10,60,92
test_874,kamada_kawai,0,0,0,35,35
test_875,kamada_kawai,58,54,4,71,98
test_876,kamada_kawai,0,0,0,20,22
test_877,kamada_kawai,26,19,7,93,114
test_878,spring,1,1,0,47,52
test_879,spectral,130,120,10,96,135
test_880,spectral,22,21,1,48,68
test_881,spectral,3,1,2,12,21
test_882,spectral,23,17,6,56,74
test_883,spectral,7,4,3,40,52
test_884,spring,0,0,0,10,10
test_885,spectral,22,18,4,57,80
test_886,spectral,7,6,1,57,72
test_887,spectral,68,64,4,92,126
test_888,kamada_kawai,9,8,1,35,48
test_889,spring,53,45,8,60,85
test_890,spectral,26,22,4,49,68
test_891,kamada_kawai,3,2,1,54,66
test_892,spring,0,0,0,18,20
test_893,kamada_kawai,0,0,0,16,19
test_894,kamada_kawai,6,6,0,39,49
test_895,kamada_kawai,66,66,0,74,102
test_896,spectral,27,27,0,85,108
test_897,spectral,2,2,0,45,53
test_898,spectral,53,51,2,88,117
test_899,kamada_kawai,19,18,1,37,52
test_900,spectral,8,7,1,37,50
test_901,kamada_kawai,74,74,0,71,102
test_902,spectral,26,25,1,76,100
test_903,spectral,132,122,10,91,134
test_904,kamada_kawai,9,4,5,41,52
test_905,kamada_kawai,13,10,3,40,52
test_906,kamada_kawai,24,22,2,73,94
test_907,kamada_kawai,2,1,1,17,23
test_908,spectral,19,17,2,81,99
test_909,spring,17,14,3,47,62
test_910,spring,28,24,4,61,80
test_911,spring,2,1,1,36,41
test_912,kamada_kawai,4,4,0,27,36
test_913,spectral,88,84,4,97,134
test_914,spectral,15,12,3,49,62
test_915,spectral,100,94,6,98,139
test_916,kamada_kawai,26,16,10,64,81
test_917,kamada_kawai,89,85,4,94,131
test_918,spectral,92,87,5,94,130
test_919,kamada_kawai,26,23,3,41,59
test_920,spectral,1,0,1,37,44
test_921,kamada_kawai,8,7,1,43,54
test_922,spectral,18,16,2,44,62
test_923,spectral,3,3,0,41,50
test_924,spring,13,8,5,46,55
test_925,spectral,91,90,1,97,136
test_926,spectral,44,40,4,94,125
test_927,spectral,40,40,0,80,109
test_928,kamada_kawai,58,55,3,81,108
test_929,spectral,8,7,1,44,57
test_930,spectral,5,5,0,39,50
test_931,spring,0,0,0,12,11
test_932,kamada_kawai,0,0,0,16,19
test_933,kamada_kawai,4,4,0,40,51
test_934,spectral,5,5,0,44,56
test_935,spring,0,0,0,10,10
test_936,spectral,2,2,0,69,76
test_937,kamada_kawai,6,6,0,42,53
test_938,spectral,33,32,1,78,99
test_939,kamada_kawai,15,14,1,62,73
test_940,kamada_kawai,4,4,0,38,49
test_941,spectral,10,10,0,44,58
test_942,spectral,0,0,0,29,29
test_943,spectral,14,11,3,53,69
test_944,kamada_kawai,10,10,0,44,55
test_945,kamada_kawai,18,14,4,50,63
test_946,spectral,64,60,4,95,135
test_947,spectral,18,17,1,52,73
test_948,kamada_kawai,0,0,0,29,30
test_949,spectral,129,120,9,100,141
test_950,spectral,10,9,1,62,74
test_951,kamada_kawai,7,7,0,60,72
test_952,spectral,8,7,1,29,40
test_953,kamada_kawai,70,62,8,72,101
test_954,spectral,84,76,8,100,135
test_955,kamada_kawai,17,10,7,62,75
test_956,spectral,99,99,0,95,131
test_957,kamada_kawai,6,3,3,37,51
test_958,spectral,17,17,0,66,84
test_959,kamada_kawai,11,7,4,71,86
test_960,kamada_kawai,238,219,19,99,155
test_961,spring,2,2,0,24,32
test_962,kamada_kawai,1,0,1,21,23
test_963,kamada_kawai,0,0,0,19,18
test_964,kamada_kawai,14,12,2,41,56
test_965,kamada_kawai,14,12,2,69,85
test_966,kamada_kawai,33,26,7,77,103
test_967,spectral,41,41,0,95,122
test_968,kamada_kawai,6,4,2,38,48
test_969,spring,0,0,0,12,14
test_970,spring,31,28,3,70,89
test_971,spectral,2,1,1,18,25
test_972,spectral,19,16,3,49,68
test_973,kamada_kawai,18,15,3,73,89
test_974,spectral,0,0,0,17,18
test_975,kamada_kawai,0,0,0,13,15
test_976,spectral,11,5,6,61,72
test_977,kamada_kawai,7,5,2,39,52
test_978,spring,65,61,4,93,124
test_979,spectral,30,26,4,69,93
test_980,kamada_kawai,89,82,7,97,133
test_981,spring,1,1,0,17,19
test_982,kamada_kawai,50,47,3,66,92
test_983,kamada_kawai,0,0,0,33,33
test_984,spring,1,0,1,27,29
test_985,kamada_kawai,0,0,0,27,28
test_986,kamada_kawai,0,0,0,20,22
test_987,spring,2,2,0,17,21
test_988,kamada_kawai,2,2,0,38,44
test_989,spectral,92,86,6,97,134
test_990,spectral,46,41,5,77,106
test_991,spectral,22,21,1,42,62
test_992,kamada_kawai,10,6,4,55,66
test_993,kamada_kawai,1,1,0,38,47
test_994,spectral,45,42,3,64,85
test_995,kamada_kawai,0,0,0,27,30
test_996,spring,0,0,0,11,11
test_997,spectral,10,9,1,34,44
test_998,kamada_kawai,20,18,2,38,53
test_999,kamada_kawai,12,12,0,80,96
test_1000,spring,91,80,11,97,131
test_1001,spectral,11,11,0,42,56
test_1002,kamada_kawai,9,8,1,39,49
test_1003,kamada_kawai,81,77,4,73,108
test_1004,spectral,35,31,4,45,68
test_1005,kamada_kawai,79,61,18,96,125
test_1006,kamada_kawai,122,103,19,75,114
test_1007,kamada_kawai,1,1,0,11,15
test_1008,kamada_kawai,56,52,4,73,104
test_1009,kamada_kawai,72,63,9,81,113
test_1010,spring,22,17,5,44,60
test_1011,spectral,86,79,7,67,103
test_1012,spectral,2,2,0,41,48
test_1013,spectral,32,32,0,76,94
test_1014,spectral,23,21,2,65,85
test_1015,spectral,12,12,0,41,55
test_1016,spectral,44,42,2,64,88
test_1017,spectral,8,8,0,35,47
test_1018,kamada_kawai,7,6,1,25,33
test_1019,kamada_kawai,2,2,0,36,41
test_1020,spring,27,21,6,43,62
test_1021,spectral,2,2,0,41,48
test_1022,spectral,68,68,0,96,134
test_1023,kamada_kawai,0,0,0,29,35
test_1024,kamada_kawai,0,0,0,29,35
test_1025,kamada_kawai,2,2,0,36,41
test_1026,kamada_kawai,50,40,10,57,81
test_1027,spectral,19,14,5,65,82
test_1028,kamada_kawai,45,42,3,94,120
test_1029,kamada_kawai,10,9,1,24,35
test_1030,spectral,80,69,11,87,120
test_1031,spectral,15,14,1,65,82
test_1032,spectral,30,30,0,80,104
test_1033,spectral,39,38,1,91,114
test_1034,spring,0,0,0,23,24
test_1035,spring,0,0,0,14,13
test_1036,kamada_kawai,0,0,0,25,29
test_1037,spring,0,0,0,19,18
test_1038,spring,0,0,0,11,14
test_1039,spectral,8,7,1,77,91
test_1040,kamada_kawai,0,0,0,32,33
test_1041,spectral,7,7,0,37,51
test_1042,spectral,13,10,3,58,76
test_1043,kamada_kawai,49,42,7,77,103
test_1044,spectral,16,12,4,30,44
test_1045,kamada_kawai,20,16,4,45,61
test_1046,spectral,23,23,0,43,65
test_1047,spring,0,0,0,14,14
test_1048,spring,24,19,5,40,58
test_1049,spectral,4,3,1,35,45
test_1050,spectral,5,3,2,61,74
test_1051,spectral,29,25,4,70,88
test_1052,kamada_kawai,3,2,1,33,38
test_1053,spring,1,1,0,14,17
test_1054,spring,1,1,0,27,32
test_1055,kamada_kawai,77,76,1,95,129
test_1056,kamada_kawai,14,11,3,39,49
test_1057,spring,0,0,0,12,11
test_1058,spectral,31,27,4,75,106
test_1059,spring,10,8,2,60,75
test_1060,kamada_kawai,15,14,1,46,62
test_1061,kamada_kawai,25,22,3,55,75
test_1062,kamada_kawai,1,0,1,18,24
test_1063,spring,0,0,0,14,13
test_1064,kamada_kawai,47,43,4,81,108
test_1065,spectral,2,1,1,41,48
test_1066,spectral,18,17,1,50,69
test_1067,kamada_kawai,115,95,20,66,101
test_1068,spectral,12,7,5,65,80
test_1069,spectral,1,0,1,18,21
test_1070,kamada_kawai,0,0,0,17,19
test_1071,spectral,13,10,3,92,106
test_1072,spectral,20,19,1,55,74
test_1073,spectral,8,8,0,40,52
test_1074,spring,0,0,0,15,17
test_1075,spectral,19,19,0,65,87
test_1076,spectral,102,96,6,91,132
test_1077,spectral,112,98,14,81,119
test_1078,spectral,64,55,9,100,129
test_1079,spectral,16,16,0,38,52
test_1080,spectral,102,91,11,99,136
test_1081,spectral,36,29,7,95,117
test_1082,spectral,26,25,1,39,58
test_1083,kamada_kawai,2,1,1,33,39
test_1084,spectral,158,147,11,97,147
test_1085,spectral,9,7,2,33,44
test_1086,spring,1,0,1,39,40
test_1087,spectral,33,33,0,90,117
test_1088,spectral,6,4,2,42,50
test_1089,spring,2,2,0,15,24
test_1090,spring,38,32,6,61,85
test_1091,spectral,37,37,0,75,98
test_1092,spectral,75,71,4,80,117
test_1093,spectral,12,12,0,40,53
test_1094,spectral,35,34,1,82,105
test_1095,spectral,103,94,9,80,114
test_1096,spectral,73,67,6,99,130
test_1097,spectral,77,74,3,94,127
test_1098,spectral,65,57,8,96,124
test_1099,spectral,15,12,3,52,67
test_1100,spectral,49,47,2,79,106
test_1101,kamada_kawai,87,73,14,100,134
test_1102,spectral,26,21,5,38,53
test_1103,kamada_kawai,3,1,2,38,48
test_1104,kamada_kawai,58,49,9,77,107
test_1105,spectral,38,33,5,91,113
test_1106,spectral,24,22,2,88,114
test_1107,kamada_kawai,3,3,0,33,41
test_1108,spring,2,1,1,34,42
test_1109,spectral,5,5,0,34,43
test_1110,spectral,20,20,0,89,103
test_1111,spectral,8,5,3,36,46
test_1112,spring,10,7,3,37,48
test_1113,kamada_kawai,1,1,0,15,16
test_1114,kamada_kawai,58,52,6,47,72
test_1115,spectral,12,12,0,58,74
test_1116,kamada_kawai,0,0,0,33,37
test_1117,kamada_kawai,4,2,2,37,47
test_1118,spectral,55,49,6,81,106
test_1119,kamada_kawai,0,0,0,17,22
test_1120,kamada_kawai,4,3,1,34,44
test_1121,spectral,106,105,1,93,137
test_1122,kamada_kawai,0,0,0,12,15
test_1123,spectral,20,17,3,45,65
test_1124,kamada_kawai,3,1,2,41,47
test_1125,spectral,17,11,6,44,62
test_1126,kamada_kawai,4,3,1,38,45
test_1127,kamada_kawai,7,0,7,36,46
test_1128,spectral,8,7,1,39,51
test_1129,spectral,19,17,2,45,58
test_1130,spring,10,7,3,41,51
test_1131,kamada_kawai,0,0,0,12,11
test_1132,spectral,9,8,1,27,37
test_1133,spectral,46,44,2,85,116
test_1134,spring,0,0,0,12,12
test_1135,kamada_kawai,40,34,6,72,92
test_1136,kamada_kawai,111,99,12,99,135
test_1137,kamada_kawai,26,22,4,66,82
test_1138,spectral,16,15,1,61,74
test_1139,spectral,120,106,14,92,130
test_1140,kamada_kawai,3,3,0,35,42
test_1141,spring,1,0,1,28,31
test_1142,spectral,0,0,0,31,32
test_1143,spectral,85,76,9,87,117
test_1144,kamada_kawai,16,15,1,43,60
test_1145,spring,50,44,6,96,120
test_1146,spectral,56,51,5,57,82
test_1147,spring,1,0,1,11,15
test_1148,kamada_kawai,26,23,3,49,66
test_1149,kamada_kawai,0,0,0,20,21
test_1150,spectral,18,18,0,74,91
test_1151,spectral,7,4,3,15,24
test_1152,spectral,107,99,8,95,138
test_1153,kamada_kawai,33,29,4,81,100
test_1154,kamada_kawai,72,65,7,95,123
test_1155,kamada_kawai,74,73,1,96,130
test_1156,spectral,35,31,4,55,74
test_1157,kamada_kawai,5,4,1,25,32
test_1158,kamada_kawai,33,28,5,45,68
test_1159,spectral,5,4,1,38,46
test_1160,kamada_kawai,6,5,1,67,76
test_1161,spring,2,1,1,19,25
test_1162,spectral,29,27,2,55,79
test_1163,spectral,13,10,3,40,54
test_1164,spectral,70,66,4,88,122
test_1165,spectral,3,3,0,42,51
test_1166,spectral,47,46,1,100,128
test_1167,spring,2,0,2,17,20
test_1168,spring,8,7,1,36,45
test_1169,spectral,45,38,7,82,108
test_1170,spectral,43,36,7,93,120
test_1171,spectral,63,59,4,45,74
test_1172,kamada_kawai,24,17,7,68,82
test_1173,spectral,38,36,2,88,114
test_1174,spectral,22,21,1,64,88
test_1175,kamada_kawai,12,11,1,39,54
test_1176,spectral,71,62,9,98,129
test_1177,spectral,24,23,1,64,85
test_1178,spring,0,0,0,33,37
test_1179,spring,10,9,1,44,56
test_1180,spectral,88,86,2,94,136
test_1181,kamada_kawai,28,26,2,81,101
test_1182,spectral,34,32,2,62,85
test_1183,spectral,33,32,1,57,78
test_1184,spring,11,11,0,36,47
test_1185,kamada_kawai,6,3,3,35,42
test_1186,spectral,11,10,1,38,52
test_1187,spectral,4,3,1,31,41
test_1188,spectral,6,4,2,37,48
test_1189,kamada_kawai,3,2,1,38,47
test_1190,spectral,46,45,1,45,73
test_1191,kamada_kawai,6,5,1,36,44
test_1192,spectral,20,19,1,45,60
test_1193,kamada_kawai,0,0,0,34,34
test_1194,spectral,20,19,1,60,78
test_1195,spectral,73,71,2,63,96
test_1196,spectral,9,8,1,47,64
test_1197,spectral,18,15,3,66,84
test_1198,kamada_kawai,145,128,17,95,137
test_1199,spectral,15,13,2,54,67
test_1200,spring,2,1,1,16,20
test_1201,spring,0,0,0,33,38
test_1202,spectral,3,3,0,36,45
test_1203,spectral,24,21,3,79,97
test_1204,spring,0,0,0,19,21
test_1205,spectral,70,60,10,95,128
test_1206,kamada_kawai,4,4,0,38,46
test_1207,spectral,17,17,0,39,57
test_1208,spectral,5,4,1,35,43
test_1209,spring,1,0,1,17,20
test_1210,spring,0,0,0,33,36
test_1211,spectral,1,0,1,14,19
test_1212,spectral,20,18,2,56,74
test_1213,spectral,11,10,1,40,52
test_1214,spectral,45,43,2,65,98
test_1215,kamada_kawai,19,13,6,43,60
test_1216,spring,0,0,0,11,13
test_1217,spectral,28,27,1,84,109
test_1218,spectral,26,24,2,65,83
test_1219,spectral,18,18,0,81,98
test_1220,kamada_kawai,27,26,1,37,56
test_1221,kamada_kawai,11,7,4,39,50
test_1222,kamada_kawai,0,0,0,18,20
test_1223,spring,50,49,1,46,74
test_1224,spectral,47,41,6,72,97
test_1225,spectral,41,36,5,82,106
test_1226,kamada_kawai,5,4,1,58,70
test_1227,spectral,23,23,0,45,67
test_1228,spectral,4,3,1,38,46
test_1229,spring,0,0,0,13,12
test_1230,spectral,0,0,0,18,25
test_1231,spectral,29,22,7,77,100
test_1232,kamada_kawai,18,16,2,42,58
test_1233,kamada_kawai,50,37,13,66,93
test_1234,spectral,95,91,4,94,132
test_1235,spectral,17,10,7,68,84
test_1236,spectral,29,29,0,49,69
test_1237,spectral,29,26,3,75,98
test_1238,kamada_kawai,0,0,0,21,24
test_1239,spectral,0,0,0,20,21
test_1240,spectral,0,0,0,18,21
test_1241,kamada_kawai,0,0,0,19,18
test_1242,spectral,2,2,0,21,28
test_1243,spectral,21,20,1,62,80
test_1244,spectral,5,5,0,41,54
test_1245,kamada_kawai,19,14,5,56,76
test_1246,kamada_kawai,66,64,2,62,90
test_1247,spectral,13,11,2,40,53
test_1248,kamada_kawai,31,28,3,53,73
test_1249,spectral,18,17,1,37,52
test_1250,spectral,12,12,0,40,57
test_1251,kamada_kawai,3,2,1,30,37
test_1252,kamada_kawai,1,1,0,45,49
test_1253,spectral,33,33,0,51,79
test_1254,spring,1,1,0,28,30
test_1255,spectral,44,42,2,72,95
test_1256,spectral,77,73,4,92,128
test_1257,spectral,2,2,0,34,42
test_1258,spectral,13,10,3,41,57
test_1259,spectral,45,41,4,97,128
test_1260,spectral,36,36,0,84,109
test_1261,kamada_kawai,74,62,12,80,114
test_1262,kamada_kawai,2,1,1,16,20
test_1263,spring,1,0,1,18,21
test_1264,kamada_kawai,81,71,10,86,117
test_1265,spectral,7,7,0,60,72
test_1266,spectral,60,56,4,97,124
test_1267,spectral,4,2,2,31,38
test_1268,spectral,6,5,1,38,47
test_1269,spectral,34,33,1,61,86
test_1270,spectral,9,9,0,50,63
test_1271,kamada_kawai,13,11,2,29,43
test_1272,spectral,1,1,0,28,31
test_1273,spectral,5,4,1,44,53
test_1274,spectral,67,63,4,92,124
test_1275,spectral,151,138,13,99,149
test_1276,kamada_kawai,48,44,4,62,91
test_1277,kamada_kawai,142,132,10,93,136
test_1278,spectral,2,1,1,40,47
test_1279,spectral,28,25,3,88,106
test_1280,spectral,28,25,3,62,82
test_1281,spring,0,0,0,15,17
test_1282,spectral,10,10,0,20,30
test_1283,spectral,120,116,4,100,141
test_1284,spectral,12,10,2,41,56
test_1285,spring,9,8,1,39,50
test_1286,spectral,30,23,7,79,98
test_1287,kamada_kawai,14,10,4,39,52
test_1288,kamada_kawai,12,9,3,44,59
test_1289,kamada_kawai,1,1,0,37,42
test_1290,kamada_kawai,7,4,3,35,44
test_1291,kamada_kawai,47,42,5,80,104
test_1292,spring,0,0,0,13,14
test_1293,spectral,19,18,1,56,73
test_1294,spring,15,15,0,36,49
test_1295,kamada_kawai,8,8,0,42,54
test_1296,spectral,67,66,1,100,130
test_1297,kamada_kawai,7,6,1,42,54
test_1298,kamada_kawai,4,2,2,38,44
test_1299,spectral,10,9,1,46,58
test_1300,kamada_kawai,68,64,4,85,120
test_1301,spectral,4,4,0,34,41
test_1302,kamada_kawai,38,36,2,57,79
test_1303,spring,0,0,0,13,16
test_1304,kamada_kawai,8,5,3,33,44
test_1305,spectral,30,28,2,76,98
test_1306,spectral,13,12,1,58,74
test_1307,kamada_kawai,6,3,3,39,46
test_1308,spectral,35,34,1,64,91
test_1309,spectral,10,9,1,40,52
test_1310,spectral,6,4,2,38,48
test_1311,kamada_kawai,1,0,1,12,14
test_1312,spectral,29,28,1,89,107
test_1313,spectral,9,7,2,49,60
test_1314,spectral,51,50,1,84,109
test_1315,spectral,6,5,1,22,30
test_1316,kamada_kawai,0,0,0,33,36
test_1317,kamada_kawai,98,93,5,76,110
test_1318,kamada_kawai,46,41,5,41,67
test_1319,spectral,56,51,5,80,106
test_1320,spring,0,0,0,10,10
test_1321,spectral,10,9,1,21,38
test_1322,spectral,81,80,1,81,118
test_1323,spectral,9,8,1,35,47
test_1324,spectral,42,41,1,94,118
test_1325,spectral,74,70,4,77,111
test_1326,kamada_kawai,53,47,6,68,98
test_1327,spectral,41,41,0,78,103
test_1328,spectral,10,9,1,36,47
test_1329,spectral,73,73,0,94,129
test_1330,kamada_kawai,0,0,0,16,15
test_1331,spring,9,6,3,39,51
test_1332,spectral,34,32,2,77,99
test_1333,spring,27,21,6,46,63
test_1334,kamada_kawai,12,12,0,65,82
test_1335,spectral,22,19,3,78,98
test_1336,kamada_kawai,10,8,2,37,49
test_1337,spectral,38,34,4,62,84
test_1338,kamada_kawai,17,16,1,44,61
test_1339,kamada_kawai,9,7,2,40,51
test_1340,spectral,8,8,0,41,54
test_1341,kamada_kawai,45,43,2,58,83
test_1342,kamada_kawai,39,35,4,74,97
test_1343,spring,0,0,0,10,10
test_1344,spring,14,14,0,38,51
test_1345,kamada_kawai,0,0,0,52,57
test_1346,kamada_kawai,13,12,1,53,63
test_1347,spectral,46,43,3,56,79
test_1348,spectral,51,46,5,90,116
test_1349,spectral,31,31,0,68,93
test_1350,kamada_kawai,28,24,4,43,60
test_1351,spring,0,0,0,15,16
test_1352,spectral,72,68,4,94,132
test_1353,kamada_kawai,14,11,3,39,52
test_1354,spring,1,0,1,11,15
test_1355,spring,3,0,3,35,42
test_1356,spectral,11,7,4,30,40
test_1357,kamada_kawai,10,8,2,37,47
test_1358,kamada_kawai,8,8,0,42,55
test_1359,kamada_kawai,0,0,0,26,26
test_1360,spectral,0,0,0,22,25
test_1361,kamada_kawai,2,0,2,25,30
test_1362,kamada_kawai,33,27,6,74,101
test_1363,spectral,57,52,5,89,121
test_1364,spectral,10,8,2,39,53
test_1365,spectral,6,6,0,47,58
test_1366,kamada_kawai,82,65,17,96,129
test_1367,spectral,35,30,5,44,67
test_1368,kamada_kawai,18,15,3,41,58
test_1369,kamada_kawai,25,23,2,41,58
test_1370,spring,0,0,0,12,12
test_1371,spectral,41,39,2,94,119
test_1372,kamada_kawai,0,0,0,38,40
test_1373,kamada_kawai,10,9,1,46,62
test_1374,spectral,2,0,2,23,27
test_1375,kamada_kawai,58,50,8,65,94
test_1376,spectral,18,18,0,45,62
test_1377,kamada_kawai,66,60,6,98,128
test_1378,spring,0,0,0,19,21
test_1379,spectral,6,6,0,36,46
test_1380,kamada_kawai,18,18,0,44,61
test_1381,kamada_kawai,0,0,0,19,21
test_1382,spectral,9,6,3,23,37
test_1383,spectral,1,1,0,28,32
test_1384,kamada_kawai,60,53,7,94,122
test_1385,kamada_kawai,53,47,6,58,83
test_1386,spring,5,2,3,17,24
test_1387,spectral,71,63,8,92,124
test_1388,kamada_kawai,0,0,0,16,18
test_1389,kamada_kawai,2,2,0,34,42
test_1390,kamada_kawai,17,13,4,71,87
test_1391,kamada_kawai,2,1,1,21,29
test_1392,spectral,46,44,2,100,126
test_1393,spring,0,0,0,14,15
test_1394,spectral,73,68,5,60,90
test_1395,kamada_kawai,0,0,0,36,39
test_1396,spring,0,0,0,12,13
test_1397,spectral,14,14,0,38,53
test_1398,spectral,19,16,3,78,94
test_1399,spectral,11,11,0,40,52
test_1400,spectral,32,28,4,73,96
test_1401,spectral,4,4,0,46,54
test_1402,kamada_kawai,8,6,2,40,52
test_1403,spring,2,2,0,24,28
test_1404,spectral,21,15,6,61,79
test_1405,kamada_kawai,59,58,1,61,94
test_1406,kamada_kawai,5,4,1,34,41
test_1407,spectral,45,42,3,72,102
test_1408,kamada_kawai,0,0,0,26,28
test_1409,spring,19,18,1,39,53
test_1410,kamada_kawai,71,58,13,93,127
test_1411,spectral,53,51,2,82,112
test_1412,kamada_kawai,43,43,0,65,88
test_1413,spring,0,0,0,22,25
test_1414,kamada_kawai,1,0,1,23,24
test_1415,spectral,139,130,9,96,142
test_1416,spectral,41,36,5,88,116
test_1417,kamada_kawai,67,62,5,76,111
test_1418,spectral,73,70,3,95,130
test_1419,kamada_kawai,32,31,1,47,68
test_1420,kamada_kawai,6,5,1,40,47
test_1421,spectral,57,47,10,96,122
test_1422,spring,1,1,0,27,31
test_1423,kamada_kawai,40,30,10,59,83
test_1424,kamada_kawai,18,16,2,43,58
test_1425,kamada_kawai,90,78,12,100,133
test_1426,kamada_kawai,2,1,1,16,20
test_1427,kamada_kawai,87,81,6,80,115
test_1428,kamada_kawai,10,8,2,42,55
test_1429,spectral,14,14,0,46,63
test_1430,spectral,15,13,2,48,66
test_1431,spectral,4,4,0,37,44
test_1432,spectral,50,43,7,62,91
test_1433,kamada_kawai,118,101,17,100,140
test_1434,kamada_kawai,0,0,0,34,34
test_1435,kamada_kawai,39,35,4,46,71
test_1436,kamada_kawai,97,88,9,91,129
test_1437,spectral,38,37,1,72,92
test_1438,kamada_kawai,39,37,2,57,77
test_1439,kamada_kawai,11,7,4,52,63
test_1440,spectral,124,116,8,98,138
test_1441,spring,0,0,0,16,15
test_1442,kamada_kawai,13,11,2,37,49
test_1443,spring,1,0,1,24,28
test_1444,spring,67,59,8,62,96
test_1445,kamada_kawai,62,59,3,97,126
test_1446,kamada_kawai,26,19,7,44,61
test_1447,spring,1,1,0,21,26
test_1448,spring,0,0,0,14,14
test_1449,kamada_kawai,1,1,0,27,31
test_1450,spectral,12,11,1,39,53
test_1451,kamada_kawai,2,2,0,40,47
test_1452,spring,8,3,5,33,40
test_1453,spectral,9,6,3,44,57
test_1454,spectral,71,61,10,89,122
test_1455,kamada_kawai,8,6,2,43,52
test_1456,spectral,37,33,4,74,98
test_1457,spring,9,7,2,42,55
test_1458,spring,0,0,0,13,15
test_1459,spectral,8,7,1,37,48
test_1460,spring,0,0,0,12,12
test_1461,spectral,4,4,0,22,28
test_1462,spectral,43,43,0,45,69
test_1463,kamada_kawai,2,2,0,26,30
test_1464,spring,1,0,1,15,18
test_1465,spring,1,0,1,12,17
test_1466,spectral,6,5,1,31,40
test_1467,spectral,0,0,0,17,22
test_1468,spectral,12,10,2,50,65
test_1469,spectral,5,2,3,43,46
test_1470,kamada_kawai,14,12,2,40,52
test_1471,kamada_kawai,20,19,1,48,67
test_1472,kamada_kawai,10,7,3,49,59
test_1473,kamada_kawai,10,7,3,53,63
test_1474,kamada_kawai,41,39,2,45,65
test_1475,spring,3,2,1,31,36
test_1476,kamada_kawai,99,86,13,77,120
test_1477,kamada_kawai,8,8,0,54,66
test_1478,kamada_kawai,12,10,2,37,55
test_1479,kamada_kawai,7,7,0,56,70
test_1480,spectral,31,26,5,75,97
test_1481,spring,76,58,18,77,109
test_1482,spectral,5,0,5,35,43
test_1483,kamada_kawai,19,19,0,40,55
test_1484,spring,0,0,0,27,29
test_1485,spring,1,1,0,16,18
test_1486,kamada_kawai,3,2,1,35,42
test_1487,spectral,25,24,1,95,120
test_1488,spectral,47,44,3,98,130
test_1489,kamada_kawai,23,19,4,42,59
test_1490,spring,3,2,1,39,45
test_1491,kamada_kawai,38,31,7,82,107
test_1492,kamada_kawai,10,8,2,37,47
test_1493,spring,0,0,0,13,13
test_1494,spectral,19,16,3,56,75
test_1495,kamada_kawai,97,84,13,95,128
test_1496,spectral,13,13,0,72,86
test_1497,spectral,32,29,3,49,72
test_1498,spectral,20,14,6,99,116
test_1499,spring,0,0,0,17,18
test_1500,spectral,15,12,3,45,59
test_1501,kamada_kawai,74,67,7,100,136
test_1502,spectral,34,31,3,88,110
test_1503,kamada_kawai,1,0,1,35,40
test_1504,spectral,48,38,10,73,97
test_1505,spectral,11,10,1,39,52
test_1506,kamada_kawai,44,36,8,60,79
test_1507,kamada_kawai,11,8,3,56,71
test_1508,spectral,53,39,14,58,84
test_1509,spring,0,0,0,10,12
test_1510,spring,0,0,0,11,10
test_1511,spring,4,4,0,44,50
test_1512,spectral,17,16,1,61,78
test_1513,kamada_kawai,1,0,1,23,25
test_1514,spectral,42,38,4,96,123
test_1515,kamada_kawai,34,29,5,55,76
test_1516,kamada_kawai,61,57,4,69,103
test_1517,kamada_kawai,70,53,17,83,113
test_1518,kamada_kawai,62,48,14,61,87
test_1519,kamada_kawai,16,11,5,45,59
test_1520,spectral,51,45,6,56,84
test_1521,kamada_kawai,20,10,10,49,63
test_1522,kamada_kawai,2,2,0,44,54
test_1523,kamada_kawai,1,0,1,32,38
test_1524,spectral,9,7,2,53,66
test_1525,kamada_kawai,28,27,1,66,84
test_1526,spectral,9,8,1,36,45
test_1527,kamada_kawai,34,29,5,78,99
test_1528,kamada_kawai,10,9,1,42,53
test_1529,kamada_kawai,8,5,3,44,54
test_1530,spectral,33,29,4,46,69
test_1531,kamada_kawai,19,15,4,81,97
test_1532,spectral,30,27,3,87,108
test_1533,kamada_kawai,3,1,2,43,48
test_1534,spring,87,74,13,71,107
test_1535,spring,1,1,0,13,19
test_1536,kamada_kawai,2,1,1,19,25
test_1537,kamada_kawai,8,7,1,41,50
test_1538,spring,2,1,1,16,20
test_1539,spectral,26,18,8,47,63
test_1540,spring,88,82,6,63,98
test_1541,spring,0,0,0,14,15
test_1542,kamada_kawai,21,20,1,37,55
test_1543,kamada_kawai,4,4,0,32,40
test_1544,kamada_kawai,5,4,1,36,42
test_1545,kamada_kawai,10,6,4,46,56
test_1546,kamada_kawai,7,5,2,34,45
test_1547,kamada_kawai,28,23,5,60,77
test_1548,kamada_kawai,31,26,5,65,87
test_1549,spectral,3,3,0,41,48
test_1550,spring,0,0,0,21,24
test_1551,spectral,16,15,1,61,77
test_1552,kamada_kawai,26,21,5,37,54
test_1553,kamada_kawai,7,7,0,52,64
test_1554,kamada_kawai,17,14,3,63,77
test_1555,kamada_kawai,16,15,1,39,54
test_1556,spring,2,1,1,13,15
test_1557,spring,0,0,0,27,30
test_1558,kamada_kawai,43,42,1,72,97
test_1559,kamada_kawai,84,74,10,53,88
test_1560,kamada_kawai,78,73,5,91,124
test_1561,spectral,17,16,1,32,48
test_1562,kamada_kawai,52,47,5,90,119
test_1563,kamada_kawai,74,67,7,70,102
test_1564,kamada_kawai,56,49,7,99,127
test_1565,spring,3,2,1,29,36
test_1566,kamada_kawai,16,13,3,44,60
test_1567,spectral,25,25,0,77,100
test_1568,spectral,50,46,4,81,114
test_1569,kamada_kawai,107,98,9,82,117
test_1570,spectral,71,69,2,94,131
test_1571,kamada_kawai,39,34,5,72,95
test_1572,kamada_kawai,64,59,5,63,92
test_1573,spectral,47,44,3,77,108
test_1574,spring,0,0,0,12,13
test_1575,kamada_kawai,76,67,9,91,117
test_1576,spectral,28,25,3,79,100
test_1577,spring,0,0,0,16,16
test_1578,spectral,0,0,0,13,19
test_1579,spectral,8,8,0,37,48
test_1580,spectral,30,25,5,55,72
test_1581,kamada_kawai,30,23,7,78,96
test_1582,spring,13,10,3,41,54
test_1583,spectral,18,13,5,77,95
test_1584,kamada_kawai,0,0,0,29,32
test_1585,kamada_kawai,113,99,14,83,118
test_1586,kamada_kawai,3,0,3,29,36
test_1587,kamada_kawai,2,2,0,36,42
test_1588,spectral,1,1,0,30,35
test_1589,kamada_kawai,87,70,17,86,116
test_1590,spectral,73,64,9,96,125
test_1591,spring,0,0,0,11,10
test_1592,spectral,61,51,10,63,87
test_1593,kamada_kawai,2,1,1,16,20
test_1594,kamada_kawai,127,117,10,95,131
test_1595,spectral,93,88,5,63,100
test_1596,kamada_kawai,125,113,12,99,139
test_1597,kamada_kawai,77,71,6,70,101
test_1598,kamada_kawai,2,2,0,24,28
test_1599,spring,63,56,7,58,83
test_1600,spectral,87,84,3,91,133
test_1601,kamada_kawai,1,1,0,18,24
test_1602,spectral,87,82,5,99,135
test_1603,spectral,15,13,2,77,95
test_1604,kamada_kawai,14,10,4,38,52
test_1605,kamada_kawai,26,22,4,43,61
test_1606,spectral,25,20,5,45,63
test_1607,spectral,0,0,0,40,47
test_1608,kamada_kawai,26,25,1,72,93
test_1609,spectral,20,20,0,75,98
test_1610,spring,0,0,0,12,13
test_1611,spring,17,16,1,57,75
test_1612,kamada_kawai,1,0,1,13,17
test_1613,kamada_kawai,15,14,1,55,72
test_1614,spectral,64,57,7,84,119
test_1615,kamada_kawai,64,64,0,43,72
test_1616,kamada_kawai,175,153,22,96,145
test_1617,spectral,0,0,0,13,14
test_1618,spring,12,8,4,39,51
test_1619,kamada_kawai,0,0,0,24,25
test_1620,spring,12,10,2,38,52
test_1621,spectral,55,54,1,67,96
test_1622,spectral,113,97,16,92,131
test_1623,spectral,73,72,1,93,124
test_1624,kamada_kawai,32,28,4,67,86
test_1625,kamada_kawai,2,2,0,21,28
test_1626,kamada_kawai,3,1,2,37,46
test_1627,spectral,70,56,14,93,123
test_1628,spectral,2,2,0,38,46
test_1629,spectral,124,119,5,98,140
test_1630,spectral,4,2,2,46,56
test_1631,kamada_kawai,27,26,1,57,72
test_1632,spectral,2,1,1,29,34
test_1633,spectral,17,17,0,43,60
test_1634,spectral,13,12,1,55,72
test_1635,kamada_kawai,1,0,1,37,41
test_1636,kamada_kawai,0,0,0,23,25
test_1637,kamada_kawai,34,29,5,64,84
test_1638,spring,2,2,0,37,47
test_1639,kamada_kawai,6,4,2,40,49
test_1640,kamada_kawai,0,0,0,16,18
test_1641,spring,0,0,0,17,21
test_1642,kamada_kawai,0,0,0,25,26
test_1643,spectral,118,107,11,95,137
test_1644,kamada_kawai,10,8,2,43,58
test_1645,kamada_kawai,44,40,4,69,88
test_1646,kamada_kawai,5,4,1,35,44
test_1647,spectral,57,54,3,63,89
test_1648,kamada_kawai,11,8,3,43,53
test_1649,spectral,21,18,3,73,95
test_1650,kamada_kawai,10,6,4,39,55
test_1651,spring,20,17,3,46,66
test_1652,spectral,16,15,1,43,58
test_1653,kamada_kawai,37,32,5,76,98
test_1654,spectral,55,51,4,100,130
test_1655,spectral,55,47,8,81,112
test_1656,kamada_kawai,11,9,2,43,56
test_1657,kamada_kawai,53,40,13,62,89
test_1658,spring,2,2,0,15,22
test_1659,spectral,4,4,0,39,47
test_1660,spectral,0,0,0,28,31
test_1661,spectral,35,35,0,47,70
test_1662,kamada_kawai,9,9,0,39,51
test_1663,spring,0,0,0,12,12
test_1664,kamada_kawai,20,18,2,40,59
test_1665,spectral,8,6,2,39,50
test_1666,kamada_kawai,1,0,1,16,18
test_1667,spring,2,2,0,21,27
test_1668,spring,2,2,0,11,17
test_1669,spectral,5,5,0,53,66
test_1670,spring,1,0,1,19,21
test_1671,kamada_kawai,5,5,0,22,28
test_1672,spectral,1,1,0,58,62
test_1673,kamada_kawai,66,58,8,94,127
test_1674,spectral,10,10,0,40,53
test_1675,kamada_kawai,36,34,2,59,83
test_1676,kamada_kawai,21,16,5,62,78
test_1677,kamada_kawai,35,34,1,40,61
test_1678,spring,13,12,1,39,52
test_1679,kamada_kawai,24,19,5,62,80
test_1680,kamada_kawai,1,1,0,34,40
test_1681,spectral,14,14,0,45,62
test_1682,spectral,30,30,0,44,64
test_1683,kamada_kawai,0,0,0,42,47
test_1684,kamada_kawai,46,40,6,96,121
test_1685,spectral,23,23,0,52,72
test_1686,kamada_kawai,34,32,2,57,81
test_1687,kamada_kawai,4,3,1,38,47
test_1688,spectral,1,1,0,21,24
test_1689,kamada_kawai,38,35,3,51,71
test_1690,spectral,19,18,1,50,65
test_1691,kamada_kawai,0,0,0,27,27
test_1692,kamada_kawai,12,9,3,56,69
test_1693,spring,1,0,1,20,22
test_1694,spectral,12,11,1,45,57
test_1695,spring,0,0,0,12,12
test_1696,kamada_kawai,10,5,5,35,50
test_1697,kamada_kawai,16,14,2,58,74
test_1698,kamada_kawai,100,89,11,87,124
test_1699,spectral,1,1,0,47,53
test_1700,spectral,23,23,0,53,79
test_1701,kamada_kawai,108,77,31,100,138
test_1702,kamada_kawai,65,59,6,74,105
test_1703,spectral,8,7,1,37,51
test_1704,spectral,94,87,7,89,130
,,,,